,Product name,Product price,Number of ratings,Number of reviews,Review Summary,Review Detail
0,Lenovo Legion 5 Pro AMD Ryzen 7 Octa Core 6800H - (32 GB/1 TB SSD/Windows 11 Home/8 GB Graphics/NVIDIA...,SGD 1999.84,28 ,2 ,Good Value for the Price,"Been using it for several months, and it's dependable for my daily use. Multitasking is smooth, and it runs most of my applications without any hiccups."
1,Lenovo Legion 5 Pro AMD Ryzen 7 Octa Core 6800H - (32 GB/1 TB SSD/Windows 11 Home/8 GB Graphics/NVIDIA...,SGD 1999.84,28 ,2 ,Good Value for the Price,Battery lasts long enough for a full day's work without needing to plug in. It's perfect for long sessions at the cafe or library.
2,Lenovo Legion 5 Pro AMD Ryzen 7 Octa Core 6800H - (32 GB/1 TB SSD/Windows 11 Home/8 GB Graphics/NVIDIA...,SGD 1999.84,28 ,2 ,Good Value for the Price,"I love the sleek design of this laptop. It's lightweight and easy to carry around, which is great for my on-the-go lifestyle."
3,Lenovo Legion 5 Pro AMD Ryzen 7 Octa Core 6800H - (32 GB/1 TB SSD/Windows 11 Home/8 GB Graphics/NVIDIA...,SGD 1999.84,28 ,2 ,Good Value for the Price,"While it's a decent machine, it doesn't have the high-end features that I need for advanced gaming or video editing."
4,Lenovo Legion 5 Pro AMD Ryzen 7 Octa Core 6800H - (32 GB/1 TB SSD/Windows 11 Home/8 GB Graphics/NVIDIA...,SGD 1999.84,28 ,2 ,Reliable Performance,"Been using it for several months, and it's dependable for my daily use. Multitasking is smooth, and it runs most of my applications without any hiccups."
5,Lenovo Legion 5 Pro AMD Ryzen 7 Octa Core 6800H - (32 GB/1 TB SSD/Windows 11 Home/8 GB Graphics/NVIDIA...,SGD 1999.84,28 ,2 ,Reliable Performance,Battery lasts long enough for a full day's work without needing to plug in. It's perfect for long sessions at the cafe or library.
6,Lenovo Legion 5 Pro AMD Ryzen 7 Octa Core 6800H - (32 GB/1 TB SSD/Windows 11 Home/8 GB Graphics/NVIDIA...,SGD 1999.84,28 ,2 ,Reliable Performance,"I love the sleek design of this laptop. It's lightweight and easy to carry around, which is great for my on-the-go lifestyle."
7,Lenovo Legion 5 Pro AMD Ryzen 7 Octa Core 6800H - (32 GB/1 TB SSD/Windows 11 Home/8 GB Graphics/NVIDIA...,SGD 1999.84,28 ,2 ,Reliable Performance,"While it's a decent machine, it doesn't have the high-end features that I need for advanced gaming or video editing."
8,Lenovo Legion 5 Pro AMD Ryzen 7 Octa Core 6800H - (32 GB/1 TB SSD/Windows 11 Home/8 GB Graphics/NVIDIA...,SGD 1999.84,28 ,2 ,Impressive Battery Life,"Been using it for several months, and it's dependable for my daily use. Multitasking is smooth, and it runs most of my applications without any hiccups."
9,Lenovo Legion 5 Pro AMD Ryzen 7 Octa Core 6800H - (32 GB/1 TB SSD/Windows 11 Home/8 GB Graphics/NVIDIA...,SGD 1999.84,28 ,2 ,Impressive Battery Life,Battery lasts long enough for a full day's work without needing to plug in. It's perfect for long sessions at the cafe or library.
10,Lenovo Legion 5 Pro AMD Ryzen 7 Octa Core 6800H - (32 GB/1 TB SSD/Windows 11 Home/8 GB Graphics/NVIDIA...,SGD 1999.84,28 ,2 ,Impressive Battery Life,"I love the sleek design of this laptop. It's lightweight and easy to carry around, which is great for my on-the-go lifestyle."
11,Lenovo Legion 5 Pro AMD Ryzen 7 Octa Core 6800H - (32 GB/1 TB SSD/Windows 11 Home/8 GB Graphics/NVIDIA...,SGD 1999.84,28 ,2 ,Impressive Battery Life,"While it's a decent machine, it doesn't have the high-end features that I need for advanced gaming or video editing."
12,Lenovo Legion 5 Pro AMD Ryzen 7 Octa Core 6800H - (32 GB/1 TB SSD/Windows 11 Home/8 GB Graphics/NVIDIA...,SGD 1999.84,28 ,2 ,Sleek and Portable,"Been using it for several months, and it's dependable for my daily use. Multitasking is smooth, and it runs most of my applications without any hiccups."
13,Lenovo Legion 5 Pro AMD Ryzen 7 Octa Core 6800H - (32 GB/1 TB SSD/Windows 11 Home/8 GB Graphics/NVIDIA...,SGD 1999.84,28 ,2 ,Sleek and Portable,Battery lasts long enough for a full day's work without needing to plug in. It's perfect for long sessions at the cafe or library.
14,Lenovo Legion 5 Pro AMD Ryzen 7 Octa Core 6800H - (32 GB/1 TB SSD/Windows 11 Home/8 GB Graphics/NVIDIA...,SGD 1999.84,28 ,2 ,Sleek and Portable,"I love the sleek design of this laptop. It's lightweight and easy to carry around, which is great for my on-the-go lifestyle."
15,Lenovo Legion 5 Pro AMD Ryzen 7 Octa Core 6800H - (32 GB/1 TB SSD/Windows 11 Home/8 GB Graphics/NVIDIA...,SGD 1999.84,28 ,2 ,Sleek and Portable,"While it's a decent machine, it doesn't have the high-end features that I need for advanced gaming or video editing."
16,Lenovo Legion 5 Pro AMD Ryzen 7 Octa Core 6800H - (32 GB/1 TB SSD/Windows 11 Home/8 GB Graphics/NVIDIA...,SGD 1999.84,28 ,2 ,Lacks High-End Features,"Been using it for several months, and it's dependable for my daily use. Multitasking is smooth, and it runs most of my applications without any hiccups."
17,Lenovo Legion 5 Pro AMD Ryzen 7 Octa Core 6800H - (32 GB/1 TB SSD/Windows 11 Home/8 GB Graphics/NVIDIA...,SGD 1999.84,28 ,2 ,Lacks High-End Features,Battery lasts long enough for a full day's work without needing to plug in. It's perfect for long sessions at the cafe or library.
18,Lenovo Legion 5 Pro AMD Ryzen 7 Octa Core 6800H - (32 GB/1 TB SSD/Windows 11 Home/8 GB Graphics/NVIDIA...,SGD 1999.84,28 ,2 ,Lacks High-End Features,"I love the sleek design of this laptop. It's lightweight and easy to carry around, which is great for my on-the-go lifestyle."
19,Lenovo Legion 5 Pro AMD Ryzen 7 Octa Core 6800H - (32 GB/1 TB SSD/Windows 11 Home/8 GB Graphics/NVIDIA...,SGD 1999.84,28 ,2 ,Lacks High-End Features,"While it's a decent machine, it doesn't have the high-end features that I need for advanced gaming or video editing."
20,Lenovo Legion 5 AMD AMD Ryzen 7 Octa Core 5800H - (16 GB/512 GB SSD/Windows 11 Home/6 GB Graphics/NVID...,SGD 1576.0,88 ,18 ,Review not available,Review detail not available
21,Lenovo Legion 5 AMD AMD Ryzen 7 Octa Core 5800H - (16 GB/512 GB SSD/Windows 11 Home/6 GB Graphics/NVID...,SGD 1576.0,88 ,18 ,Review not available,Review detail not available
22,Lenovo Legion 5 AMD AMD Ryzen 7 Octa Core 5800H - (16 GB/512 GB SSD/Windows 11 Home/6 GB Graphics/NVID...,SGD 1576.0,88 ,18 ,Review not available,Review detail not available
23,Lenovo Legion 5 AMD AMD Ryzen 7 Octa Core 5800H - (16 GB/512 GB SSD/Windows 11 Home/6 GB Graphics/NVID...,SGD 1576.0,88 ,18 ,Review not available,Review detail not available
24,Lenovo Legion 5 AMD AMD Ryzen 7 Octa Core 5800H - (16 GB/512 GB SSD/Windows 11 Home/6 GB Graphics/NVID...,SGD 1576.0,88 ,18 ,Review not available,"Very powerful gaming machine, but I highly recommend u to use cooling pads, as temperature rise above 100degrees .I was playing uncharted 4 in highest possible settings, I could easily get 60+ fps, but the CPU temp reached 100degrees.Another thing I noticed is the hinges are poor quality,i don't get the robust feel in it, it's been just 1 month and the hinges feel like I have opened and closed it for years and made it loose"
25,Lenovo Legion 5 AMD AMD Ryzen 7 Octa Core 5800H - (16 GB/512 GB SSD/Windows 11 Home/6 GB Graphics/NVID...,SGD 1576.0,88 ,18 ,Review not available,its just a beast
26,Lenovo Legion 5 AMD AMD Ryzen 7 Octa Core 5800H - (16 GB/512 GB SSD/Windows 11 Home/6 GB Graphics/NVID...,SGD 1576.0,88 ,18 ,Review not available,It's an amazing product. I loved it ... It has better capacity to handle multiple tasking.
27,Lenovo Legion 5 AMD AMD Ryzen 7 Octa Core 5800H - (16 GB/512 GB SSD/Windows 11 Home/6 GB Graphics/NVID...,SGD 1576.0,88 ,18 ,Review not available,Value For Money 游때
28,Lenovo Legion 5 AMD AMD Ryzen 7 Octa Core 5800H - (16 GB/512 GB SSD/Windows 11 Home/6 GB Graphics/NVID...,SGD 1576.0,88 ,18 ,Review not available,"After using 12days of this laptop. I'm facing screen shacking issue double pictures viewing issue, while playing videos picture are drifting. video viewing issue like pictures are shacking and half of the screen trend into black color."
29,Lenovo Legion 5 AMD AMD Ryzen 7 Octa Core 5800H - (16 GB/512 GB SSD/Windows 11 Home/6 GB Graphics/NVID...,SGD 1576.0,88 ,18 ,Review not available,"Excellent product great performance and build quality. I wish they could have packed this device with a 1tb SSD. Otherwise, I am satisfied with this product"
30,Lenovo Legion 5 AMD AMD Ryzen 7 Octa Core 5800H - (16 GB/512 GB SSD/Windows 11 Home/6 GB Graphics/NVID...,SGD 1576.0,88 ,18 ,Review not available,"Great product at this price. I have been an Intel user since long and this is my first AMD laptop. It seriously packs a good punch when it comes to gaming. RTX 3060 with a 165 hz screen and 16GB ram works like a charm. No major heating issues as the fans work well. Have been playing God of War, AC Valhalla on Ultra and it is smooth. Only con I noticed is the sound by Nahimic is pretty low and you have literally put it on full volume. Also storage is 512GB SSD which is a downgrade for laptops..."
31,Lenovo Legion 5 AMD AMD Ryzen 7 Octa Core 5800H - (16 GB/512 GB SSD/Windows 11 Home/6 GB Graphics/NVID...,SGD 1576.0,88 ,18 ,Review not available,Great Laptop with top of the line specs got it for around 84k by exchanging old Dell laptop. If you got editing and graphic designing work and if you use blender and premiere pro just go for it! Really a great machine
32,Lenovo Legion 5 AMD AMD Ryzen 7 Octa Core 5800H - (16 GB/512 GB SSD/Windows 11 Home/6 GB Graphics/NVID...,SGD 1576.0,88 ,18 ,Review not available,It is a lovely looking machine  ....but it is too early to say anything about it is performance and hardware.
33,Lenovo Legion 5 AMD AMD Ryzen 7 Octa Core 5800H - (16 GB/512 GB SSD/Windows 11 Home/6 GB Graphics/NVID...,SGD 1576.0,88 ,18 ,Review not available,This is really good machine for any work but you have any heavy graphic design work or your first priority is for gaming then you should go for this laptop. You will never disappoint about your purchase...游녨
34,Lenovo Legion 5 AMD AMD Ryzen 7 Octa Core 5800H - (16 GB/512 GB SSD/Windows 11 Home/6 GB Graphics/NVID...,SGD 1576.0,88 ,18 ,Review not available,Review detail not available
35,Lenovo Legion 5 AMD AMD Ryzen 7 Octa Core 5800H - (16 GB/512 GB SSD/Windows 11 Home/6 GB Graphics/NVID...,SGD 1576.0,88 ,18 ,Review not available,Review detail not available
36,Lenovo Legion 5 AMD AMD Ryzen 7 Octa Core 5800H - (16 GB/512 GB SSD/Windows 11 Home/6 GB Graphics/NVID...,SGD 1576.0,88 ,18 ,Review not available,Review detail not available
37,Lenovo Legion 5 AMD AMD Ryzen 7 Octa Core 5800H - (16 GB/512 GB SSD/Windows 11 Home/6 GB Graphics/NVID...,SGD 1576.0,88 ,18 ,Review not available,Review detail not available
38,Lenovo Legion 5 AMD AMD Ryzen 7 Octa Core 5800H - (16 GB/512 GB SSD/Windows 11 Home/6 GB Graphics/NVID...,SGD 1576.0,88 ,18 ,Review not available,Review detail not available
39,Lenovo Legion 5 AMD AMD Ryzen 7 Octa Core 5800H - (16 GB/512 GB SSD/Windows 11 Home/6 GB Graphics/NVID...,SGD 1576.0,88 ,18 ,Review not available,"Very powerful gaming machine, but I highly recommend u to use cooling pads, as temperature rise above 100degrees .I was playing uncharted 4 in highest possible settings, I could easily get 60+ fps, but the CPU temp reached 100degrees.Another thing I noticed is the hinges are poor quality,i don't get the robust feel in it, it's been just 1 month and the hinges feel like I have opened and closed it for years and made it loose"
40,Lenovo Legion 5 AMD AMD Ryzen 7 Octa Core 5800H - (16 GB/512 GB SSD/Windows 11 Home/6 GB Graphics/NVID...,SGD 1576.0,88 ,18 ,Review not available,its just a beast
41,Lenovo Legion 5 AMD AMD Ryzen 7 Octa Core 5800H - (16 GB/512 GB SSD/Windows 11 Home/6 GB Graphics/NVID...,SGD 1576.0,88 ,18 ,Review not available,It's an amazing product. I loved it ... It has better capacity to handle multiple tasking.
42,Lenovo Legion 5 AMD AMD Ryzen 7 Octa Core 5800H - (16 GB/512 GB SSD/Windows 11 Home/6 GB Graphics/NVID...,SGD 1576.0,88 ,18 ,Review not available,Value For Money 游때
43,Lenovo Legion 5 AMD AMD Ryzen 7 Octa Core 5800H - (16 GB/512 GB SSD/Windows 11 Home/6 GB Graphics/NVID...,SGD 1576.0,88 ,18 ,Review not available,"After using 12days of this laptop. I'm facing screen shacking issue double pictures viewing issue, while playing videos picture are drifting. video viewing issue like pictures are shacking and half of the screen trend into black color."
44,Lenovo Legion 5 AMD AMD Ryzen 7 Octa Core 5800H - (16 GB/512 GB SSD/Windows 11 Home/6 GB Graphics/NVID...,SGD 1576.0,88 ,18 ,Review not available,"Excellent product great performance and build quality. I wish they could have packed this device with a 1tb SSD. Otherwise, I am satisfied with this product"
45,Lenovo Legion 5 AMD AMD Ryzen 7 Octa Core 5800H - (16 GB/512 GB SSD/Windows 11 Home/6 GB Graphics/NVID...,SGD 1576.0,88 ,18 ,Review not available,"Great product at this price. I have been an Intel user since long and this is my first AMD laptop. It seriously packs a good punch when it comes to gaming. RTX 3060 with a 165 hz screen and 16GB ram works like a charm. No major heating issues as the fans work well. Have been playing God of War, AC Valhalla on Ultra and it is smooth. Only con I noticed is the sound by Nahimic is pretty low and you have literally put it on full volume. Also storage is 512GB SSD which is a downgrade for laptops..."
46,Lenovo Legion 5 AMD AMD Ryzen 7 Octa Core 5800H - (16 GB/512 GB SSD/Windows 11 Home/6 GB Graphics/NVID...,SGD 1576.0,88 ,18 ,Review not available,Great Laptop with top of the line specs got it for around 84k by exchanging old Dell laptop. If you got editing and graphic designing work and if you use blender and premiere pro just go for it! Really a great machine
47,Lenovo Legion 5 AMD AMD Ryzen 7 Octa Core 5800H - (16 GB/512 GB SSD/Windows 11 Home/6 GB Graphics/NVID...,SGD 1576.0,88 ,18 ,Review not available,It is a lovely looking machine  ....but it is too early to say anything about it is performance and hardware.
48,Lenovo Legion 5 AMD AMD Ryzen 7 Octa Core 5800H - (16 GB/512 GB SSD/Windows 11 Home/6 GB Graphics/NVID...,SGD 1576.0,88 ,18 ,Review not available,This is really good machine for any work but you have any heavy graphic design work or your first priority is for gaming then you should go for this laptop. You will never disappoint about your purchase...游녨
49,Lenovo Legion 5 AMD AMD Ryzen 7 Octa Core 5800H - (16 GB/512 GB SSD/Windows 11 Home/6 GB Graphics/NVID...,SGD 1576.0,88 ,18 ,Review not available,Review detail not available
50,Lenovo Legion 5 AMD AMD Ryzen 7 Octa Core 5800H - (16 GB/512 GB SSD/Windows 11 Home/6 GB Graphics/NVID...,SGD 1576.0,88 ,18 ,Review not available,Review detail not available
51,Lenovo Legion 5 AMD AMD Ryzen 7 Octa Core 5800H - (16 GB/512 GB SSD/Windows 11 Home/6 GB Graphics/NVID...,SGD 1576.0,88 ,18 ,Review not available,Review detail not available
52,Lenovo Legion 5 AMD AMD Ryzen 7 Octa Core 5800H - (16 GB/512 GB SSD/Windows 11 Home/6 GB Graphics/NVID...,SGD 1576.0,88 ,18 ,Review not available,Review detail not available
53,Lenovo Legion 5 AMD AMD Ryzen 7 Octa Core 5800H - (16 GB/512 GB SSD/Windows 11 Home/6 GB Graphics/NVID...,SGD 1576.0,88 ,18 ,Review not available,Review detail not available
54,Lenovo Legion 5 AMD AMD Ryzen 7 Octa Core 5800H - (16 GB/512 GB SSD/Windows 11 Home/6 GB Graphics/NVID...,SGD 1576.0,88 ,18 ,Review not available,"Very powerful gaming machine, but I highly recommend u to use cooling pads, as temperature rise above 100degrees .I was playing uncharted 4 in highest possible settings, I could easily get 60+ fps, but the CPU temp reached 100degrees.Another thing I noticed is the hinges are poor quality,i don't get the robust feel in it, it's been just 1 month and the hinges feel like I have opened and closed it for years and made it loose"
55,Lenovo Legion 5 AMD AMD Ryzen 7 Octa Core 5800H - (16 GB/512 GB SSD/Windows 11 Home/6 GB Graphics/NVID...,SGD 1576.0,88 ,18 ,Review not available,its just a beast
56,Lenovo Legion 5 AMD AMD Ryzen 7 Octa Core 5800H - (16 GB/512 GB SSD/Windows 11 Home/6 GB Graphics/NVID...,SGD 1576.0,88 ,18 ,Review not available,It's an amazing product. I loved it ... It has better capacity to handle multiple tasking.
57,Lenovo Legion 5 AMD AMD Ryzen 7 Octa Core 5800H - (16 GB/512 GB SSD/Windows 11 Home/6 GB Graphics/NVID...,SGD 1576.0,88 ,18 ,Review not available,Value For Money 游때
58,Lenovo Legion 5 AMD AMD Ryzen 7 Octa Core 5800H - (16 GB/512 GB SSD/Windows 11 Home/6 GB Graphics/NVID...,SGD 1576.0,88 ,18 ,Review not available,"After using 12days of this laptop. I'm facing screen shacking issue double pictures viewing issue, while playing videos picture are drifting. video viewing issue like pictures are shacking and half of the screen trend into black color."
59,Lenovo Legion 5 AMD AMD Ryzen 7 Octa Core 5800H - (16 GB/512 GB SSD/Windows 11 Home/6 GB Graphics/NVID...,SGD 1576.0,88 ,18 ,Review not available,"Excellent product great performance and build quality. I wish they could have packed this device with a 1tb SSD. Otherwise, I am satisfied with this product"
60,Lenovo Legion 5 AMD AMD Ryzen 7 Octa Core 5800H - (16 GB/512 GB SSD/Windows 11 Home/6 GB Graphics/NVID...,SGD 1576.0,88 ,18 ,Review not available,"Great product at this price. I have been an Intel user since long and this is my first AMD laptop. It seriously packs a good punch when it comes to gaming. RTX 3060 with a 165 hz screen and 16GB ram works like a charm. No major heating issues as the fans work well. Have been playing God of War, AC Valhalla on Ultra and it is smooth. Only con I noticed is the sound by Nahimic is pretty low and you have literally put it on full volume. Also storage is 512GB SSD which is a downgrade for laptops..."
61,Lenovo Legion 5 AMD AMD Ryzen 7 Octa Core 5800H - (16 GB/512 GB SSD/Windows 11 Home/6 GB Graphics/NVID...,SGD 1576.0,88 ,18 ,Review not available,Great Laptop with top of the line specs got it for around 84k by exchanging old Dell laptop. If you got editing and graphic designing work and if you use blender and premiere pro just go for it! Really a great machine
62,Lenovo Legion 5 AMD AMD Ryzen 7 Octa Core 5800H - (16 GB/512 GB SSD/Windows 11 Home/6 GB Graphics/NVID...,SGD 1576.0,88 ,18 ,Review not available,It is a lovely looking machine  ....but it is too early to say anything about it is performance and hardware.
63,Lenovo Legion 5 AMD AMD Ryzen 7 Octa Core 5800H - (16 GB/512 GB SSD/Windows 11 Home/6 GB Graphics/NVID...,SGD 1576.0,88 ,18 ,Review not available,This is really good machine for any work but you have any heavy graphic design work or your first priority is for gaming then you should go for this laptop. You will never disappoint about your purchase...游녨
64,Lenovo Legion 5 AMD AMD Ryzen 7 Octa Core 5800H - (16 GB/512 GB SSD/Windows 11 Home/6 GB Graphics/NVID...,SGD 1576.0,88 ,18 ,Review not available,Review detail not available
65,Lenovo Legion 5 AMD AMD Ryzen 7 Octa Core 5800H - (16 GB/512 GB SSD/Windows 11 Home/6 GB Graphics/NVID...,SGD 1576.0,88 ,18 ,Review not available,Review detail not available
66,Lenovo Legion 5 AMD AMD Ryzen 7 Octa Core 5800H - (16 GB/512 GB SSD/Windows 11 Home/6 GB Graphics/NVID...,SGD 1576.0,88 ,18 ,Review not available,Review detail not available
67,Lenovo Legion 5 AMD AMD Ryzen 7 Octa Core 5800H - (16 GB/512 GB SSD/Windows 11 Home/6 GB Graphics/NVID...,SGD 1576.0,88 ,18 ,Review not available,Review detail not available
68,Lenovo Legion 5 AMD AMD Ryzen 7 Octa Core 5800H - (16 GB/512 GB SSD/Windows 11 Home/6 GB Graphics/NVID...,SGD 1576.0,88 ,18 ,Review not available,Review detail not available
69,Lenovo Legion 5 AMD AMD Ryzen 7 Octa Core 5800H - (16 GB/512 GB SSD/Windows 11 Home/6 GB Graphics/NVID...,SGD 1576.0,88 ,18 ,Review not available,"Very powerful gaming machine, but I highly recommend u to use cooling pads, as temperature rise above 100degrees .I was playing uncharted 4 in highest possible settings, I could easily get 60+ fps, but the CPU temp reached 100degrees.Another thing I noticed is the hinges are poor quality,i don't get the robust feel in it, it's been just 1 month and the hinges feel like I have opened and closed it for years and made it loose"
70,Lenovo Legion 5 AMD AMD Ryzen 7 Octa Core 5800H - (16 GB/512 GB SSD/Windows 11 Home/6 GB Graphics/NVID...,SGD 1576.0,88 ,18 ,Review not available,its just a beast
71,Lenovo Legion 5 AMD AMD Ryzen 7 Octa Core 5800H - (16 GB/512 GB SSD/Windows 11 Home/6 GB Graphics/NVID...,SGD 1576.0,88 ,18 ,Review not available,It's an amazing product. I loved it ... It has better capacity to handle multiple tasking.
72,Lenovo Legion 5 AMD AMD Ryzen 7 Octa Core 5800H - (16 GB/512 GB SSD/Windows 11 Home/6 GB Graphics/NVID...,SGD 1576.0,88 ,18 ,Review not available,Value For Money 游때
73,Lenovo Legion 5 AMD AMD Ryzen 7 Octa Core 5800H - (16 GB/512 GB SSD/Windows 11 Home/6 GB Graphics/NVID...,SGD 1576.0,88 ,18 ,Review not available,"After using 12days of this laptop. I'm facing screen shacking issue double pictures viewing issue, while playing videos picture are drifting. video viewing issue like pictures are shacking and half of the screen trend into black color."
74,Lenovo Legion 5 AMD AMD Ryzen 7 Octa Core 5800H - (16 GB/512 GB SSD/Windows 11 Home/6 GB Graphics/NVID...,SGD 1576.0,88 ,18 ,Review not available,"Excellent product great performance and build quality. I wish they could have packed this device with a 1tb SSD. Otherwise, I am satisfied with this product"
75,Lenovo Legion 5 AMD AMD Ryzen 7 Octa Core 5800H - (16 GB/512 GB SSD/Windows 11 Home/6 GB Graphics/NVID...,SGD 1576.0,88 ,18 ,Review not available,"Great product at this price. I have been an Intel user since long and this is my first AMD laptop. It seriously packs a good punch when it comes to gaming. RTX 3060 with a 165 hz screen and 16GB ram works like a charm. No major heating issues as the fans work well. Have been playing God of War, AC Valhalla on Ultra and it is smooth. Only con I noticed is the sound by Nahimic is pretty low and you have literally put it on full volume. Also storage is 512GB SSD which is a downgrade for laptops..."
76,Lenovo Legion 5 AMD AMD Ryzen 7 Octa Core 5800H - (16 GB/512 GB SSD/Windows 11 Home/6 GB Graphics/NVID...,SGD 1576.0,88 ,18 ,Review not available,Great Laptop with top of the line specs got it for around 84k by exchanging old Dell laptop. If you got editing and graphic designing work and if you use blender and premiere pro just go for it! Really a great machine
77,Lenovo Legion 5 AMD AMD Ryzen 7 Octa Core 5800H - (16 GB/512 GB SSD/Windows 11 Home/6 GB Graphics/NVID...,SGD 1576.0,88 ,18 ,Review not available,It is a lovely looking machine  ....but it is too early to say anything about it is performance and hardware.
78,Lenovo Legion 5 AMD AMD Ryzen 7 Octa Core 5800H - (16 GB/512 GB SSD/Windows 11 Home/6 GB Graphics/NVID...,SGD 1576.0,88 ,18 ,Review not available,This is really good machine for any work but you have any heavy graphic design work or your first priority is for gaming then you should go for this laptop. You will never disappoint about your purchase...游녨
79,Lenovo Legion 5 AMD AMD Ryzen 7 Octa Core 5800H - (16 GB/512 GB SSD/Windows 11 Home/6 GB Graphics/NVID...,SGD 1576.0,88 ,18 ,Review not available,Review detail not available
80,Lenovo Legion 5 AMD AMD Ryzen 7 Octa Core 5800H - (16 GB/512 GB SSD/Windows 11 Home/6 GB Graphics/NVID...,SGD 1576.0,88 ,18 ,Good quality product,Review detail not available
81,Lenovo Legion 5 AMD AMD Ryzen 7 Octa Core 5800H - (16 GB/512 GB SSD/Windows 11 Home/6 GB Graphics/NVID...,SGD 1576.0,88 ,18 ,Good quality product,Review detail not available
82,Lenovo Legion 5 AMD AMD Ryzen 7 Octa Core 5800H - (16 GB/512 GB SSD/Windows 11 Home/6 GB Graphics/NVID...,SGD 1576.0,88 ,18 ,Good quality product,Review detail not available
83,Lenovo Legion 5 AMD AMD Ryzen 7 Octa Core 5800H - (16 GB/512 GB SSD/Windows 11 Home/6 GB Graphics/NVID...,SGD 1576.0,88 ,18 ,Good quality product,Review detail not available
84,Lenovo Legion 5 AMD AMD Ryzen 7 Octa Core 5800H - (16 GB/512 GB SSD/Windows 11 Home/6 GB Graphics/NVID...,SGD 1576.0,88 ,18 ,Good quality product,"Very powerful gaming machine, but I highly recommend u to use cooling pads, as temperature rise above 100degrees .I was playing uncharted 4 in highest possible settings, I could easily get 60+ fps, but the CPU temp reached 100degrees.Another thing I noticed is the hinges are poor quality,i don't get the robust feel in it, it's been just 1 month and the hinges feel like I have opened and closed it for years and made it loose"
85,Lenovo Legion 5 AMD AMD Ryzen 7 Octa Core 5800H - (16 GB/512 GB SSD/Windows 11 Home/6 GB Graphics/NVID...,SGD 1576.0,88 ,18 ,Good quality product,its just a beast
86,Lenovo Legion 5 AMD AMD Ryzen 7 Octa Core 5800H - (16 GB/512 GB SSD/Windows 11 Home/6 GB Graphics/NVID...,SGD 1576.0,88 ,18 ,Good quality product,It's an amazing product. I loved it ... It has better capacity to handle multiple tasking.
87,Lenovo Legion 5 AMD AMD Ryzen 7 Octa Core 5800H - (16 GB/512 GB SSD/Windows 11 Home/6 GB Graphics/NVID...,SGD 1576.0,88 ,18 ,Good quality product,Value For Money 游때
88,Lenovo Legion 5 AMD AMD Ryzen 7 Octa Core 5800H - (16 GB/512 GB SSD/Windows 11 Home/6 GB Graphics/NVID...,SGD 1576.0,88 ,18 ,Good quality product,"After using 12days of this laptop. I'm facing screen shacking issue double pictures viewing issue, while playing videos picture are drifting. video viewing issue like pictures are shacking and half of the screen trend into black color."
89,Lenovo Legion 5 AMD AMD Ryzen 7 Octa Core 5800H - (16 GB/512 GB SSD/Windows 11 Home/6 GB Graphics/NVID...,SGD 1576.0,88 ,18 ,Good quality product,"Excellent product great performance and build quality. I wish they could have packed this device with a 1tb SSD. Otherwise, I am satisfied with this product"
90,Lenovo Legion 5 AMD AMD Ryzen 7 Octa Core 5800H - (16 GB/512 GB SSD/Windows 11 Home/6 GB Graphics/NVID...,SGD 1576.0,88 ,18 ,Good quality product,"Great product at this price. I have been an Intel user since long and this is my first AMD laptop. It seriously packs a good punch when it comes to gaming. RTX 3060 with a 165 hz screen and 16GB ram works like a charm. No major heating issues as the fans work well. Have been playing God of War, AC Valhalla on Ultra and it is smooth. Only con I noticed is the sound by Nahimic is pretty low and you have literally put it on full volume. Also storage is 512GB SSD which is a downgrade for laptops..."
91,Lenovo Legion 5 AMD AMD Ryzen 7 Octa Core 5800H - (16 GB/512 GB SSD/Windows 11 Home/6 GB Graphics/NVID...,SGD 1576.0,88 ,18 ,Good quality product,Great Laptop with top of the line specs got it for around 84k by exchanging old Dell laptop. If you got editing and graphic designing work and if you use blender and premiere pro just go for it! Really a great machine
92,Lenovo Legion 5 AMD AMD Ryzen 7 Octa Core 5800H - (16 GB/512 GB SSD/Windows 11 Home/6 GB Graphics/NVID...,SGD 1576.0,88 ,18 ,Good quality product,It is a lovely looking machine  ....but it is too early to say anything about it is performance and hardware.
93,Lenovo Legion 5 AMD AMD Ryzen 7 Octa Core 5800H - (16 GB/512 GB SSD/Windows 11 Home/6 GB Graphics/NVID...,SGD 1576.0,88 ,18 ,Good quality product,This is really good machine for any work but you have any heavy graphic design work or your first priority is for gaming then you should go for this laptop. You will never disappoint about your purchase...游녨
94,Lenovo Legion 5 AMD AMD Ryzen 7 Octa Core 5800H - (16 GB/512 GB SSD/Windows 11 Home/6 GB Graphics/NVID...,SGD 1576.0,88 ,18 ,Good quality product,Review detail not available
95,Lenovo Legion 5 AMD AMD Ryzen 7 Octa Core 5800H - (16 GB/512 GB SSD/Windows 11 Home/6 GB Graphics/NVID...,SGD 1576.0,88 ,18 ,Highly recommended,Review detail not available
96,Lenovo Legion 5 AMD AMD Ryzen 7 Octa Core 5800H - (16 GB/512 GB SSD/Windows 11 Home/6 GB Graphics/NVID...,SGD 1576.0,88 ,18 ,Highly recommended,Review detail not available
97,Lenovo Legion 5 AMD AMD Ryzen 7 Octa Core 5800H - (16 GB/512 GB SSD/Windows 11 Home/6 GB Graphics/NVID...,SGD 1576.0,88 ,18 ,Highly recommended,Review detail not available
98,Lenovo Legion 5 AMD AMD Ryzen 7 Octa Core 5800H - (16 GB/512 GB SSD/Windows 11 Home/6 GB Graphics/NVID...,SGD 1576.0,88 ,18 ,Highly recommended,Review detail not available
99,Lenovo Legion 5 AMD AMD Ryzen 7 Octa Core 5800H - (16 GB/512 GB SSD/Windows 11 Home/6 GB Graphics/NVID...,SGD 1576.0,88 ,18 ,Highly recommended,"Very powerful gaming machine, but I highly recommend u to use cooling pads, as temperature rise above 100degrees .I was playing uncharted 4 in highest possible settings, I could easily get 60+ fps, but the CPU temp reached 100degrees.Another thing I noticed is the hinges are poor quality,i don't get the robust feel in it, it's been just 1 month and the hinges feel like I have opened and closed it for years and made it loose"
100,Lenovo Legion 5 AMD AMD Ryzen 7 Octa Core 5800H - (16 GB/512 GB SSD/Windows 11 Home/6 GB Graphics/NVID...,SGD 1576.0,88 ,18 ,Highly recommended,its just a beast
101,Lenovo Legion 5 AMD AMD Ryzen 7 Octa Core 5800H - (16 GB/512 GB SSD/Windows 11 Home/6 GB Graphics/NVID...,SGD 1576.0,88 ,18 ,Highly recommended,It's an amazing product. I loved it ... It has better capacity to handle multiple tasking.
102,Lenovo Legion 5 AMD AMD Ryzen 7 Octa Core 5800H - (16 GB/512 GB SSD/Windows 11 Home/6 GB Graphics/NVID...,SGD 1576.0,88 ,18 ,Highly recommended,Value For Money 游때
103,Lenovo Legion 5 AMD AMD Ryzen 7 Octa Core 5800H - (16 GB/512 GB SSD/Windows 11 Home/6 GB Graphics/NVID...,SGD 1576.0,88 ,18 ,Highly recommended,"After using 12days of this laptop. I'm facing screen shacking issue double pictures viewing issue, while playing videos picture are drifting. video viewing issue like pictures are shacking and half of the screen trend into black color."
104,Lenovo Legion 5 AMD AMD Ryzen 7 Octa Core 5800H - (16 GB/512 GB SSD/Windows 11 Home/6 GB Graphics/NVID...,SGD 1576.0,88 ,18 ,Highly recommended,"Excellent product great performance and build quality. I wish they could have packed this device with a 1tb SSD. Otherwise, I am satisfied with this product"
105,Lenovo Legion 5 AMD AMD Ryzen 7 Octa Core 5800H - (16 GB/512 GB SSD/Windows 11 Home/6 GB Graphics/NVID...,SGD 1576.0,88 ,18 ,Highly recommended,"Great product at this price. I have been an Intel user since long and this is my first AMD laptop. It seriously packs a good punch when it comes to gaming. RTX 3060 with a 165 hz screen and 16GB ram works like a charm. No major heating issues as the fans work well. Have been playing God of War, AC Valhalla on Ultra and it is smooth. Only con I noticed is the sound by Nahimic is pretty low and you have literally put it on full volume. Also storage is 512GB SSD which is a downgrade for laptops..."
106,Lenovo Legion 5 AMD AMD Ryzen 7 Octa Core 5800H - (16 GB/512 GB SSD/Windows 11 Home/6 GB Graphics/NVID...,SGD 1576.0,88 ,18 ,Highly recommended,Great Laptop with top of the line specs got it for around 84k by exchanging old Dell laptop. If you got editing and graphic designing work and if you use blender and premiere pro just go for it! Really a great machine
107,Lenovo Legion 5 AMD AMD Ryzen 7 Octa Core 5800H - (16 GB/512 GB SSD/Windows 11 Home/6 GB Graphics/NVID...,SGD 1576.0,88 ,18 ,Highly recommended,It is a lovely looking machine  ....but it is too early to say anything about it is performance and hardware.
108,Lenovo Legion 5 AMD AMD Ryzen 7 Octa Core 5800H - (16 GB/512 GB SSD/Windows 11 Home/6 GB Graphics/NVID...,SGD 1576.0,88 ,18 ,Highly recommended,This is really good machine for any work but you have any heavy graphic design work or your first priority is for gaming then you should go for this laptop. You will never disappoint about your purchase...游녨
109,Lenovo Legion 5 AMD AMD Ryzen 7 Octa Core 5800H - (16 GB/512 GB SSD/Windows 11 Home/6 GB Graphics/NVID...,SGD 1576.0,88 ,18 ,Highly recommended,Review detail not available
110,Lenovo Legion 5 AMD AMD Ryzen 7 Octa Core 5800H - (16 GB/512 GB SSD/Windows 11 Home/6 GB Graphics/NVID...,SGD 1576.0,88 ,18 ,Worth every penny,Review detail not available
111,Lenovo Legion 5 AMD AMD Ryzen 7 Octa Core 5800H - (16 GB/512 GB SSD/Windows 11 Home/6 GB Graphics/NVID...,SGD 1576.0,88 ,18 ,Worth every penny,Review detail not available
112,Lenovo Legion 5 AMD AMD Ryzen 7 Octa Core 5800H - (16 GB/512 GB SSD/Windows 11 Home/6 GB Graphics/NVID...,SGD 1576.0,88 ,18 ,Worth every penny,Review detail not available
113,Lenovo Legion 5 AMD AMD Ryzen 7 Octa Core 5800H - (16 GB/512 GB SSD/Windows 11 Home/6 GB Graphics/NVID...,SGD 1576.0,88 ,18 ,Worth every penny,Review detail not available
114,Lenovo Legion 5 AMD AMD Ryzen 7 Octa Core 5800H - (16 GB/512 GB SSD/Windows 11 Home/6 GB Graphics/NVID...,SGD 1576.0,88 ,18 ,Worth every penny,"Very powerful gaming machine, but I highly recommend u to use cooling pads, as temperature rise above 100degrees .I was playing uncharted 4 in highest possible settings, I could easily get 60+ fps, but the CPU temp reached 100degrees.Another thing I noticed is the hinges are poor quality,i don't get the robust feel in it, it's been just 1 month and the hinges feel like I have opened and closed it for years and made it loose"
115,Lenovo Legion 5 AMD AMD Ryzen 7 Octa Core 5800H - (16 GB/512 GB SSD/Windows 11 Home/6 GB Graphics/NVID...,SGD 1576.0,88 ,18 ,Worth every penny,its just a beast
116,Lenovo Legion 5 AMD AMD Ryzen 7 Octa Core 5800H - (16 GB/512 GB SSD/Windows 11 Home/6 GB Graphics/NVID...,SGD 1576.0,88 ,18 ,Worth every penny,It's an amazing product. I loved it ... It has better capacity to handle multiple tasking.
117,Lenovo Legion 5 AMD AMD Ryzen 7 Octa Core 5800H - (16 GB/512 GB SSD/Windows 11 Home/6 GB Graphics/NVID...,SGD 1576.0,88 ,18 ,Worth every penny,Value For Money 游때
118,Lenovo Legion 5 AMD AMD Ryzen 7 Octa Core 5800H - (16 GB/512 GB SSD/Windows 11 Home/6 GB Graphics/NVID...,SGD 1576.0,88 ,18 ,Worth every penny,"After using 12days of this laptop. I'm facing screen shacking issue double pictures viewing issue, while playing videos picture are drifting. video viewing issue like pictures are shacking and half of the screen trend into black color."
119,Lenovo Legion 5 AMD AMD Ryzen 7 Octa Core 5800H - (16 GB/512 GB SSD/Windows 11 Home/6 GB Graphics/NVID...,SGD 1576.0,88 ,18 ,Worth every penny,"Excellent product great performance and build quality. I wish they could have packed this device with a 1tb SSD. Otherwise, I am satisfied with this product"
120,Lenovo Legion 5 AMD AMD Ryzen 7 Octa Core 5800H - (16 GB/512 GB SSD/Windows 11 Home/6 GB Graphics/NVID...,SGD 1576.0,88 ,18 ,Worth every penny,"Great product at this price. I have been an Intel user since long and this is my first AMD laptop. It seriously packs a good punch when it comes to gaming. RTX 3060 with a 165 hz screen and 16GB ram works like a charm. No major heating issues as the fans work well. Have been playing God of War, AC Valhalla on Ultra and it is smooth. Only con I noticed is the sound by Nahimic is pretty low and you have literally put it on full volume. Also storage is 512GB SSD which is a downgrade for laptops..."
121,Lenovo Legion 5 AMD AMD Ryzen 7 Octa Core 5800H - (16 GB/512 GB SSD/Windows 11 Home/6 GB Graphics/NVID...,SGD 1576.0,88 ,18 ,Worth every penny,Great Laptop with top of the line specs got it for around 84k by exchanging old Dell laptop. If you got editing and graphic designing work and if you use blender and premiere pro just go for it! Really a great machine
122,Lenovo Legion 5 AMD AMD Ryzen 7 Octa Core 5800H - (16 GB/512 GB SSD/Windows 11 Home/6 GB Graphics/NVID...,SGD 1576.0,88 ,18 ,Worth every penny,It is a lovely looking machine  ....but it is too early to say anything about it is performance and hardware.
123,Lenovo Legion 5 AMD AMD Ryzen 7 Octa Core 5800H - (16 GB/512 GB SSD/Windows 11 Home/6 GB Graphics/NVID...,SGD 1576.0,88 ,18 ,Worth every penny,This is really good machine for any work but you have any heavy graphic design work or your first priority is for gaming then you should go for this laptop. You will never disappoint about your purchase...游녨
124,Lenovo Legion 5 AMD AMD Ryzen 7 Octa Core 5800H - (16 GB/512 GB SSD/Windows 11 Home/6 GB Graphics/NVID...,SGD 1576.0,88 ,18 ,Worth every penny,Review detail not available
125,Lenovo Legion 5 AMD AMD Ryzen 7 Octa Core 5800H - (16 GB/512 GB SSD/Windows 11 Home/6 GB Graphics/NVID...,SGD 1576.0,88 ,18 ,Classy product,Review detail not available
126,Lenovo Legion 5 AMD AMD Ryzen 7 Octa Core 5800H - (16 GB/512 GB SSD/Windows 11 Home/6 GB Graphics/NVID...,SGD 1576.0,88 ,18 ,Classy product,Review detail not available
127,Lenovo Legion 5 AMD AMD Ryzen 7 Octa Core 5800H - (16 GB/512 GB SSD/Windows 11 Home/6 GB Graphics/NVID...,SGD 1576.0,88 ,18 ,Classy product,Review detail not available
128,Lenovo Legion 5 AMD AMD Ryzen 7 Octa Core 5800H - (16 GB/512 GB SSD/Windows 11 Home/6 GB Graphics/NVID...,SGD 1576.0,88 ,18 ,Classy product,Review detail not available
129,Lenovo Legion 5 AMD AMD Ryzen 7 Octa Core 5800H - (16 GB/512 GB SSD/Windows 11 Home/6 GB Graphics/NVID...,SGD 1576.0,88 ,18 ,Classy product,"Very powerful gaming machine, but I highly recommend u to use cooling pads, as temperature rise above 100degrees .I was playing uncharted 4 in highest possible settings, I could easily get 60+ fps, but the CPU temp reached 100degrees.Another thing I noticed is the hinges are poor quality,i don't get the robust feel in it, it's been just 1 month and the hinges feel like I have opened and closed it for years and made it loose"
130,Lenovo Legion 5 AMD AMD Ryzen 7 Octa Core 5800H - (16 GB/512 GB SSD/Windows 11 Home/6 GB Graphics/NVID...,SGD 1576.0,88 ,18 ,Classy product,its just a beast
131,Lenovo Legion 5 AMD AMD Ryzen 7 Octa Core 5800H - (16 GB/512 GB SSD/Windows 11 Home/6 GB Graphics/NVID...,SGD 1576.0,88 ,18 ,Classy product,It's an amazing product. I loved it ... It has better capacity to handle multiple tasking.
132,Lenovo Legion 5 AMD AMD Ryzen 7 Octa Core 5800H - (16 GB/512 GB SSD/Windows 11 Home/6 GB Graphics/NVID...,SGD 1576.0,88 ,18 ,Classy product,Value For Money 游때
133,Lenovo Legion 5 AMD AMD Ryzen 7 Octa Core 5800H - (16 GB/512 GB SSD/Windows 11 Home/6 GB Graphics/NVID...,SGD 1576.0,88 ,18 ,Classy product,"After using 12days of this laptop. I'm facing screen shacking issue double pictures viewing issue, while playing videos picture are drifting. video viewing issue like pictures are shacking and half of the screen trend into black color."
134,Lenovo Legion 5 AMD AMD Ryzen 7 Octa Core 5800H - (16 GB/512 GB SSD/Windows 11 Home/6 GB Graphics/NVID...,SGD 1576.0,88 ,18 ,Classy product,"Excellent product great performance and build quality. I wish they could have packed this device with a 1tb SSD. Otherwise, I am satisfied with this product"
135,Lenovo Legion 5 AMD AMD Ryzen 7 Octa Core 5800H - (16 GB/512 GB SSD/Windows 11 Home/6 GB Graphics/NVID...,SGD 1576.0,88 ,18 ,Classy product,"Great product at this price. I have been an Intel user since long and this is my first AMD laptop. It seriously packs a good punch when it comes to gaming. RTX 3060 with a 165 hz screen and 16GB ram works like a charm. No major heating issues as the fans work well. Have been playing God of War, AC Valhalla on Ultra and it is smooth. Only con I noticed is the sound by Nahimic is pretty low and you have literally put it on full volume. Also storage is 512GB SSD which is a downgrade for laptops..."
136,Lenovo Legion 5 AMD AMD Ryzen 7 Octa Core 5800H - (16 GB/512 GB SSD/Windows 11 Home/6 GB Graphics/NVID...,SGD 1576.0,88 ,18 ,Classy product,Great Laptop with top of the line specs got it for around 84k by exchanging old Dell laptop. If you got editing and graphic designing work and if you use blender and premiere pro just go for it! Really a great machine
137,Lenovo Legion 5 AMD AMD Ryzen 7 Octa Core 5800H - (16 GB/512 GB SSD/Windows 11 Home/6 GB Graphics/NVID...,SGD 1576.0,88 ,18 ,Classy product,It is a lovely looking machine  ....but it is too early to say anything about it is performance and hardware.
138,Lenovo Legion 5 AMD AMD Ryzen 7 Octa Core 5800H - (16 GB/512 GB SSD/Windows 11 Home/6 GB Graphics/NVID...,SGD 1576.0,88 ,18 ,Classy product,This is really good machine for any work but you have any heavy graphic design work or your first priority is for gaming then you should go for this laptop. You will never disappoint about your purchase...游녨
139,Lenovo Legion 5 AMD AMD Ryzen 7 Octa Core 5800H - (16 GB/512 GB SSD/Windows 11 Home/6 GB Graphics/NVID...,SGD 1576.0,88 ,18 ,Classy product,Review detail not available
140,Lenovo Legion 5 AMD AMD Ryzen 7 Octa Core 5800H - (16 GB/512 GB SSD/Windows 11 Home/6 GB Graphics/NVID...,SGD 1576.0,88 ,18 ,Very poor,Review detail not available
141,Lenovo Legion 5 AMD AMD Ryzen 7 Octa Core 5800H - (16 GB/512 GB SSD/Windows 11 Home/6 GB Graphics/NVID...,SGD 1576.0,88 ,18 ,Very poor,Review detail not available
142,Lenovo Legion 5 AMD AMD Ryzen 7 Octa Core 5800H - (16 GB/512 GB SSD/Windows 11 Home/6 GB Graphics/NVID...,SGD 1576.0,88 ,18 ,Very poor,Review detail not available
143,Lenovo Legion 5 AMD AMD Ryzen 7 Octa Core 5800H - (16 GB/512 GB SSD/Windows 11 Home/6 GB Graphics/NVID...,SGD 1576.0,88 ,18 ,Very poor,Review detail not available
144,Lenovo Legion 5 AMD AMD Ryzen 7 Octa Core 5800H - (16 GB/512 GB SSD/Windows 11 Home/6 GB Graphics/NVID...,SGD 1576.0,88 ,18 ,Very poor,"Very powerful gaming machine, but I highly recommend u to use cooling pads, as temperature rise above 100degrees .I was playing uncharted 4 in highest possible settings, I could easily get 60+ fps, but the CPU temp reached 100degrees.Another thing I noticed is the hinges are poor quality,i don't get the robust feel in it, it's been just 1 month and the hinges feel like I have opened and closed it for years and made it loose"
145,Lenovo Legion 5 AMD AMD Ryzen 7 Octa Core 5800H - (16 GB/512 GB SSD/Windows 11 Home/6 GB Graphics/NVID...,SGD 1576.0,88 ,18 ,Very poor,its just a beast
146,Lenovo Legion 5 AMD AMD Ryzen 7 Octa Core 5800H - (16 GB/512 GB SSD/Windows 11 Home/6 GB Graphics/NVID...,SGD 1576.0,88 ,18 ,Very poor,It's an amazing product. I loved it ... It has better capacity to handle multiple tasking.
147,Lenovo Legion 5 AMD AMD Ryzen 7 Octa Core 5800H - (16 GB/512 GB SSD/Windows 11 Home/6 GB Graphics/NVID...,SGD 1576.0,88 ,18 ,Very poor,Value For Money 游때
148,Lenovo Legion 5 AMD AMD Ryzen 7 Octa Core 5800H - (16 GB/512 GB SSD/Windows 11 Home/6 GB Graphics/NVID...,SGD 1576.0,88 ,18 ,Very poor,"After using 12days of this laptop. I'm facing screen shacking issue double pictures viewing issue, while playing videos picture are drifting. video viewing issue like pictures are shacking and half of the screen trend into black color."
149,Lenovo Legion 5 AMD AMD Ryzen 7 Octa Core 5800H - (16 GB/512 GB SSD/Windows 11 Home/6 GB Graphics/NVID...,SGD 1576.0,88 ,18 ,Very poor,"Excellent product great performance and build quality. I wish they could have packed this device with a 1tb SSD. Otherwise, I am satisfied with this product"
150,Lenovo Legion 5 AMD AMD Ryzen 7 Octa Core 5800H - (16 GB/512 GB SSD/Windows 11 Home/6 GB Graphics/NVID...,SGD 1576.0,88 ,18 ,Very poor,"Great product at this price. I have been an Intel user since long and this is my first AMD laptop. It seriously packs a good punch when it comes to gaming. RTX 3060 with a 165 hz screen and 16GB ram works like a charm. No major heating issues as the fans work well. Have been playing God of War, AC Valhalla on Ultra and it is smooth. Only con I noticed is the sound by Nahimic is pretty low and you have literally put it on full volume. Also storage is 512GB SSD which is a downgrade for laptops..."
151,Lenovo Legion 5 AMD AMD Ryzen 7 Octa Core 5800H - (16 GB/512 GB SSD/Windows 11 Home/6 GB Graphics/NVID...,SGD 1576.0,88 ,18 ,Very poor,Great Laptop with top of the line specs got it for around 84k by exchanging old Dell laptop. If you got editing and graphic designing work and if you use blender and premiere pro just go for it! Really a great machine
152,Lenovo Legion 5 AMD AMD Ryzen 7 Octa Core 5800H - (16 GB/512 GB SSD/Windows 11 Home/6 GB Graphics/NVID...,SGD 1576.0,88 ,18 ,Very poor,It is a lovely looking machine  ....but it is too early to say anything about it is performance and hardware.
153,Lenovo Legion 5 AMD AMD Ryzen 7 Octa Core 5800H - (16 GB/512 GB SSD/Windows 11 Home/6 GB Graphics/NVID...,SGD 1576.0,88 ,18 ,Very poor,This is really good machine for any work but you have any heavy graphic design work or your first priority is for gaming then you should go for this laptop. You will never disappoint about your purchase...游녨
154,Lenovo Legion 5 AMD AMD Ryzen 7 Octa Core 5800H - (16 GB/512 GB SSD/Windows 11 Home/6 GB Graphics/NVID...,SGD 1576.0,88 ,18 ,Very poor,Review detail not available
155,Lenovo Legion 5 AMD AMD Ryzen 7 Octa Core 5800H - (16 GB/512 GB SSD/Windows 11 Home/6 GB Graphics/NVID...,SGD 1576.0,88 ,18 ,Good choice,Review detail not available
156,Lenovo Legion 5 AMD AMD Ryzen 7 Octa Core 5800H - (16 GB/512 GB SSD/Windows 11 Home/6 GB Graphics/NVID...,SGD 1576.0,88 ,18 ,Good choice,Review detail not available
157,Lenovo Legion 5 AMD AMD Ryzen 7 Octa Core 5800H - (16 GB/512 GB SSD/Windows 11 Home/6 GB Graphics/NVID...,SGD 1576.0,88 ,18 ,Good choice,Review detail not available
158,Lenovo Legion 5 AMD AMD Ryzen 7 Octa Core 5800H - (16 GB/512 GB SSD/Windows 11 Home/6 GB Graphics/NVID...,SGD 1576.0,88 ,18 ,Good choice,Review detail not available
159,Lenovo Legion 5 AMD AMD Ryzen 7 Octa Core 5800H - (16 GB/512 GB SSD/Windows 11 Home/6 GB Graphics/NVID...,SGD 1576.0,88 ,18 ,Good choice,"Very powerful gaming machine, but I highly recommend u to use cooling pads, as temperature rise above 100degrees .I was playing uncharted 4 in highest possible settings, I could easily get 60+ fps, but the CPU temp reached 100degrees.Another thing I noticed is the hinges are poor quality,i don't get the robust feel in it, it's been just 1 month and the hinges feel like I have opened and closed it for years and made it loose"
160,Lenovo Legion 5 AMD AMD Ryzen 7 Octa Core 5800H - (16 GB/512 GB SSD/Windows 11 Home/6 GB Graphics/NVID...,SGD 1576.0,88 ,18 ,Good choice,its just a beast
161,Lenovo Legion 5 AMD AMD Ryzen 7 Octa Core 5800H - (16 GB/512 GB SSD/Windows 11 Home/6 GB Graphics/NVID...,SGD 1576.0,88 ,18 ,Good choice,It's an amazing product. I loved it ... It has better capacity to handle multiple tasking.
162,Lenovo Legion 5 AMD AMD Ryzen 7 Octa Core 5800H - (16 GB/512 GB SSD/Windows 11 Home/6 GB Graphics/NVID...,SGD 1576.0,88 ,18 ,Good choice,Value For Money 游때
163,Lenovo Legion 5 AMD AMD Ryzen 7 Octa Core 5800H - (16 GB/512 GB SSD/Windows 11 Home/6 GB Graphics/NVID...,SGD 1576.0,88 ,18 ,Good choice,"After using 12days of this laptop. I'm facing screen shacking issue double pictures viewing issue, while playing videos picture are drifting. video viewing issue like pictures are shacking and half of the screen trend into black color."
164,Lenovo Legion 5 AMD AMD Ryzen 7 Octa Core 5800H - (16 GB/512 GB SSD/Windows 11 Home/6 GB Graphics/NVID...,SGD 1576.0,88 ,18 ,Good choice,"Excellent product great performance and build quality. I wish they could have packed this device with a 1tb SSD. Otherwise, I am satisfied with this product"
165,Lenovo Legion 5 AMD AMD Ryzen 7 Octa Core 5800H - (16 GB/512 GB SSD/Windows 11 Home/6 GB Graphics/NVID...,SGD 1576.0,88 ,18 ,Good choice,"Great product at this price. I have been an Intel user since long and this is my first AMD laptop. It seriously packs a good punch when it comes to gaming. RTX 3060 with a 165 hz screen and 16GB ram works like a charm. No major heating issues as the fans work well. Have been playing God of War, AC Valhalla on Ultra and it is smooth. Only con I noticed is the sound by Nahimic is pretty low and you have literally put it on full volume. Also storage is 512GB SSD which is a downgrade for laptops..."
166,Lenovo Legion 5 AMD AMD Ryzen 7 Octa Core 5800H - (16 GB/512 GB SSD/Windows 11 Home/6 GB Graphics/NVID...,SGD 1576.0,88 ,18 ,Good choice,Great Laptop with top of the line specs got it for around 84k by exchanging old Dell laptop. If you got editing and graphic designing work and if you use blender and premiere pro just go for it! Really a great machine
167,Lenovo Legion 5 AMD AMD Ryzen 7 Octa Core 5800H - (16 GB/512 GB SSD/Windows 11 Home/6 GB Graphics/NVID...,SGD 1576.0,88 ,18 ,Good choice,It is a lovely looking machine  ....but it is too early to say anything about it is performance and hardware.
168,Lenovo Legion 5 AMD AMD Ryzen 7 Octa Core 5800H - (16 GB/512 GB SSD/Windows 11 Home/6 GB Graphics/NVID...,SGD 1576.0,88 ,18 ,Good choice,This is really good machine for any work but you have any heavy graphic design work or your first priority is for gaming then you should go for this laptop. You will never disappoint about your purchase...游녨
169,Lenovo Legion 5 AMD AMD Ryzen 7 Octa Core 5800H - (16 GB/512 GB SSD/Windows 11 Home/6 GB Graphics/NVID...,SGD 1576.0,88 ,18 ,Good choice,Review detail not available
170,Lenovo Legion 5 AMD AMD Ryzen 7 Octa Core 5800H - (16 GB/512 GB SSD/Windows 11 Home/6 GB Graphics/NVID...,SGD 1576.0,88 ,18 ,Wonderful,Review detail not available
171,Lenovo Legion 5 AMD AMD Ryzen 7 Octa Core 5800H - (16 GB/512 GB SSD/Windows 11 Home/6 GB Graphics/NVID...,SGD 1576.0,88 ,18 ,Wonderful,Review detail not available
172,Lenovo Legion 5 AMD AMD Ryzen 7 Octa Core 5800H - (16 GB/512 GB SSD/Windows 11 Home/6 GB Graphics/NVID...,SGD 1576.0,88 ,18 ,Wonderful,Review detail not available
173,Lenovo Legion 5 AMD AMD Ryzen 7 Octa Core 5800H - (16 GB/512 GB SSD/Windows 11 Home/6 GB Graphics/NVID...,SGD 1576.0,88 ,18 ,Wonderful,Review detail not available
174,Lenovo Legion 5 AMD AMD Ryzen 7 Octa Core 5800H - (16 GB/512 GB SSD/Windows 11 Home/6 GB Graphics/NVID...,SGD 1576.0,88 ,18 ,Wonderful,"Very powerful gaming machine, but I highly recommend u to use cooling pads, as temperature rise above 100degrees .I was playing uncharted 4 in highest possible settings, I could easily get 60+ fps, but the CPU temp reached 100degrees.Another thing I noticed is the hinges are poor quality,i don't get the robust feel in it, it's been just 1 month and the hinges feel like I have opened and closed it for years and made it loose"
175,Lenovo Legion 5 AMD AMD Ryzen 7 Octa Core 5800H - (16 GB/512 GB SSD/Windows 11 Home/6 GB Graphics/NVID...,SGD 1576.0,88 ,18 ,Wonderful,its just a beast
176,Lenovo Legion 5 AMD AMD Ryzen 7 Octa Core 5800H - (16 GB/512 GB SSD/Windows 11 Home/6 GB Graphics/NVID...,SGD 1576.0,88 ,18 ,Wonderful,It's an amazing product. I loved it ... It has better capacity to handle multiple tasking.
177,Lenovo Legion 5 AMD AMD Ryzen 7 Octa Core 5800H - (16 GB/512 GB SSD/Windows 11 Home/6 GB Graphics/NVID...,SGD 1576.0,88 ,18 ,Wonderful,Value For Money 游때
178,Lenovo Legion 5 AMD AMD Ryzen 7 Octa Core 5800H - (16 GB/512 GB SSD/Windows 11 Home/6 GB Graphics/NVID...,SGD 1576.0,88 ,18 ,Wonderful,"After using 12days of this laptop. I'm facing screen shacking issue double pictures viewing issue, while playing videos picture are drifting. video viewing issue like pictures are shacking and half of the screen trend into black color."
179,Lenovo Legion 5 AMD AMD Ryzen 7 Octa Core 5800H - (16 GB/512 GB SSD/Windows 11 Home/6 GB Graphics/NVID...,SGD 1576.0,88 ,18 ,Wonderful,"Excellent product great performance and build quality. I wish they could have packed this device with a 1tb SSD. Otherwise, I am satisfied with this product"
180,Lenovo Legion 5 AMD AMD Ryzen 7 Octa Core 5800H - (16 GB/512 GB SSD/Windows 11 Home/6 GB Graphics/NVID...,SGD 1576.0,88 ,18 ,Wonderful,"Great product at this price. I have been an Intel user since long and this is my first AMD laptop. It seriously packs a good punch when it comes to gaming. RTX 3060 with a 165 hz screen and 16GB ram works like a charm. No major heating issues as the fans work well. Have been playing God of War, AC Valhalla on Ultra and it is smooth. Only con I noticed is the sound by Nahimic is pretty low and you have literally put it on full volume. Also storage is 512GB SSD which is a downgrade for laptops..."
181,Lenovo Legion 5 AMD AMD Ryzen 7 Octa Core 5800H - (16 GB/512 GB SSD/Windows 11 Home/6 GB Graphics/NVID...,SGD 1576.0,88 ,18 ,Wonderful,Great Laptop with top of the line specs got it for around 84k by exchanging old Dell laptop. If you got editing and graphic designing work and if you use blender and premiere pro just go for it! Really a great machine
182,Lenovo Legion 5 AMD AMD Ryzen 7 Octa Core 5800H - (16 GB/512 GB SSD/Windows 11 Home/6 GB Graphics/NVID...,SGD 1576.0,88 ,18 ,Wonderful,It is a lovely looking machine  ....but it is too early to say anything about it is performance and hardware.
183,Lenovo Legion 5 AMD AMD Ryzen 7 Octa Core 5800H - (16 GB/512 GB SSD/Windows 11 Home/6 GB Graphics/NVID...,SGD 1576.0,88 ,18 ,Wonderful,This is really good machine for any work but you have any heavy graphic design work or your first priority is for gaming then you should go for this laptop. You will never disappoint about your purchase...游녨
184,Lenovo Legion 5 AMD AMD Ryzen 7 Octa Core 5800H - (16 GB/512 GB SSD/Windows 11 Home/6 GB Graphics/NVID...,SGD 1576.0,88 ,18 ,Wonderful,Review detail not available
185,Lenovo Legion 5 AMD AMD Ryzen 7 Octa Core 5800H - (16 GB/512 GB SSD/Windows 11 Home/6 GB Graphics/NVID...,SGD 1576.0,88 ,18 ,Must buy!,Review detail not available
186,Lenovo Legion 5 AMD AMD Ryzen 7 Octa Core 5800H - (16 GB/512 GB SSD/Windows 11 Home/6 GB Graphics/NVID...,SGD 1576.0,88 ,18 ,Must buy!,Review detail not available
187,Lenovo Legion 5 AMD AMD Ryzen 7 Octa Core 5800H - (16 GB/512 GB SSD/Windows 11 Home/6 GB Graphics/NVID...,SGD 1576.0,88 ,18 ,Must buy!,Review detail not available
188,Lenovo Legion 5 AMD AMD Ryzen 7 Octa Core 5800H - (16 GB/512 GB SSD/Windows 11 Home/6 GB Graphics/NVID...,SGD 1576.0,88 ,18 ,Must buy!,Review detail not available
189,Lenovo Legion 5 AMD AMD Ryzen 7 Octa Core 5800H - (16 GB/512 GB SSD/Windows 11 Home/6 GB Graphics/NVID...,SGD 1576.0,88 ,18 ,Must buy!,"Very powerful gaming machine, but I highly recommend u to use cooling pads, as temperature rise above 100degrees .I was playing uncharted 4 in highest possible settings, I could easily get 60+ fps, but the CPU temp reached 100degrees.Another thing I noticed is the hinges are poor quality,i don't get the robust feel in it, it's been just 1 month and the hinges feel like I have opened and closed it for years and made it loose"
190,Lenovo Legion 5 AMD AMD Ryzen 7 Octa Core 5800H - (16 GB/512 GB SSD/Windows 11 Home/6 GB Graphics/NVID...,SGD 1576.0,88 ,18 ,Must buy!,its just a beast
191,Lenovo Legion 5 AMD AMD Ryzen 7 Octa Core 5800H - (16 GB/512 GB SSD/Windows 11 Home/6 GB Graphics/NVID...,SGD 1576.0,88 ,18 ,Must buy!,It's an amazing product. I loved it ... It has better capacity to handle multiple tasking.
192,Lenovo Legion 5 AMD AMD Ryzen 7 Octa Core 5800H - (16 GB/512 GB SSD/Windows 11 Home/6 GB Graphics/NVID...,SGD 1576.0,88 ,18 ,Must buy!,Value For Money 游때
193,Lenovo Legion 5 AMD AMD Ryzen 7 Octa Core 5800H - (16 GB/512 GB SSD/Windows 11 Home/6 GB Graphics/NVID...,SGD 1576.0,88 ,18 ,Must buy!,"After using 12days of this laptop. I'm facing screen shacking issue double pictures viewing issue, while playing videos picture are drifting. video viewing issue like pictures are shacking and half of the screen trend into black color."
194,Lenovo Legion 5 AMD AMD Ryzen 7 Octa Core 5800H - (16 GB/512 GB SSD/Windows 11 Home/6 GB Graphics/NVID...,SGD 1576.0,88 ,18 ,Must buy!,"Excellent product great performance and build quality. I wish they could have packed this device with a 1tb SSD. Otherwise, I am satisfied with this product"
195,Lenovo Legion 5 AMD AMD Ryzen 7 Octa Core 5800H - (16 GB/512 GB SSD/Windows 11 Home/6 GB Graphics/NVID...,SGD 1576.0,88 ,18 ,Must buy!,"Great product at this price. I have been an Intel user since long and this is my first AMD laptop. It seriously packs a good punch when it comes to gaming. RTX 3060 with a 165 hz screen and 16GB ram works like a charm. No major heating issues as the fans work well. Have been playing God of War, AC Valhalla on Ultra and it is smooth. Only con I noticed is the sound by Nahimic is pretty low and you have literally put it on full volume. Also storage is 512GB SSD which is a downgrade for laptops..."
196,Lenovo Legion 5 AMD AMD Ryzen 7 Octa Core 5800H - (16 GB/512 GB SSD/Windows 11 Home/6 GB Graphics/NVID...,SGD 1576.0,88 ,18 ,Must buy!,Great Laptop with top of the line specs got it for around 84k by exchanging old Dell laptop. If you got editing and graphic designing work and if you use blender and premiere pro just go for it! Really a great machine
197,Lenovo Legion 5 AMD AMD Ryzen 7 Octa Core 5800H - (16 GB/512 GB SSD/Windows 11 Home/6 GB Graphics/NVID...,SGD 1576.0,88 ,18 ,Must buy!,It is a lovely looking machine  ....but it is too early to say anything about it is performance and hardware.
198,Lenovo Legion 5 AMD AMD Ryzen 7 Octa Core 5800H - (16 GB/512 GB SSD/Windows 11 Home/6 GB Graphics/NVID...,SGD 1576.0,88 ,18 ,Must buy!,This is really good machine for any work but you have any heavy graphic design work or your first priority is for gaming then you should go for this laptop. You will never disappoint about your purchase...游녨
199,Lenovo Legion 5 AMD AMD Ryzen 7 Octa Core 5800H - (16 GB/512 GB SSD/Windows 11 Home/6 GB Graphics/NVID...,SGD 1576.0,88 ,18 ,Must buy!,Review detail not available
200,Lenovo Legion 5 AMD AMD Ryzen 7 Octa Core 5800H - (16 GB/512 GB SSD/Windows 11 Home/6 GB Graphics/NVID...,SGD 1576.0,88 ,18 ,Delightful,Review detail not available
201,Lenovo Legion 5 AMD AMD Ryzen 7 Octa Core 5800H - (16 GB/512 GB SSD/Windows 11 Home/6 GB Graphics/NVID...,SGD 1576.0,88 ,18 ,Delightful,Review detail not available
202,Lenovo Legion 5 AMD AMD Ryzen 7 Octa Core 5800H - (16 GB/512 GB SSD/Windows 11 Home/6 GB Graphics/NVID...,SGD 1576.0,88 ,18 ,Delightful,Review detail not available
203,Lenovo Legion 5 AMD AMD Ryzen 7 Octa Core 5800H - (16 GB/512 GB SSD/Windows 11 Home/6 GB Graphics/NVID...,SGD 1576.0,88 ,18 ,Delightful,Review detail not available
204,Lenovo Legion 5 AMD AMD Ryzen 7 Octa Core 5800H - (16 GB/512 GB SSD/Windows 11 Home/6 GB Graphics/NVID...,SGD 1576.0,88 ,18 ,Delightful,"Very powerful gaming machine, but I highly recommend u to use cooling pads, as temperature rise above 100degrees .I was playing uncharted 4 in highest possible settings, I could easily get 60+ fps, but the CPU temp reached 100degrees.Another thing I noticed is the hinges are poor quality,i don't get the robust feel in it, it's been just 1 month and the hinges feel like I have opened and closed it for years and made it loose"
205,Lenovo Legion 5 AMD AMD Ryzen 7 Octa Core 5800H - (16 GB/512 GB SSD/Windows 11 Home/6 GB Graphics/NVID...,SGD 1576.0,88 ,18 ,Delightful,its just a beast
206,Lenovo Legion 5 AMD AMD Ryzen 7 Octa Core 5800H - (16 GB/512 GB SSD/Windows 11 Home/6 GB Graphics/NVID...,SGD 1576.0,88 ,18 ,Delightful,It's an amazing product. I loved it ... It has better capacity to handle multiple tasking.
207,Lenovo Legion 5 AMD AMD Ryzen 7 Octa Core 5800H - (16 GB/512 GB SSD/Windows 11 Home/6 GB Graphics/NVID...,SGD 1576.0,88 ,18 ,Delightful,Value For Money 游때
208,Lenovo Legion 5 AMD AMD Ryzen 7 Octa Core 5800H - (16 GB/512 GB SSD/Windows 11 Home/6 GB Graphics/NVID...,SGD 1576.0,88 ,18 ,Delightful,"After using 12days of this laptop. I'm facing screen shacking issue double pictures viewing issue, while playing videos picture are drifting. video viewing issue like pictures are shacking and half of the screen trend into black color."
209,Lenovo Legion 5 AMD AMD Ryzen 7 Octa Core 5800H - (16 GB/512 GB SSD/Windows 11 Home/6 GB Graphics/NVID...,SGD 1576.0,88 ,18 ,Delightful,"Excellent product great performance and build quality. I wish they could have packed this device with a 1tb SSD. Otherwise, I am satisfied with this product"
210,Lenovo Legion 5 AMD AMD Ryzen 7 Octa Core 5800H - (16 GB/512 GB SSD/Windows 11 Home/6 GB Graphics/NVID...,SGD 1576.0,88 ,18 ,Delightful,"Great product at this price. I have been an Intel user since long and this is my first AMD laptop. It seriously packs a good punch when it comes to gaming. RTX 3060 with a 165 hz screen and 16GB ram works like a charm. No major heating issues as the fans work well. Have been playing God of War, AC Valhalla on Ultra and it is smooth. Only con I noticed is the sound by Nahimic is pretty low and you have literally put it on full volume. Also storage is 512GB SSD which is a downgrade for laptops..."
211,Lenovo Legion 5 AMD AMD Ryzen 7 Octa Core 5800H - (16 GB/512 GB SSD/Windows 11 Home/6 GB Graphics/NVID...,SGD 1576.0,88 ,18 ,Delightful,Great Laptop with top of the line specs got it for around 84k by exchanging old Dell laptop. If you got editing and graphic designing work and if you use blender and premiere pro just go for it! Really a great machine
212,Lenovo Legion 5 AMD AMD Ryzen 7 Octa Core 5800H - (16 GB/512 GB SSD/Windows 11 Home/6 GB Graphics/NVID...,SGD 1576.0,88 ,18 ,Delightful,It is a lovely looking machine  ....but it is too early to say anything about it is performance and hardware.
213,Lenovo Legion 5 AMD AMD Ryzen 7 Octa Core 5800H - (16 GB/512 GB SSD/Windows 11 Home/6 GB Graphics/NVID...,SGD 1576.0,88 ,18 ,Delightful,This is really good machine for any work but you have any heavy graphic design work or your first priority is for gaming then you should go for this laptop. You will never disappoint about your purchase...游녨
214,Lenovo Legion 5 AMD AMD Ryzen 7 Octa Core 5800H - (16 GB/512 GB SSD/Windows 11 Home/6 GB Graphics/NVID...,SGD 1576.0,88 ,18 ,Delightful,Review detail not available
215,Lenovo Legion 5 AMD AMD Ryzen 7 Octa Core 5800H - (16 GB/512 GB SSD/Windows 11 Home/6 GB Graphics/NVID...,SGD 1576.0,88 ,18 ,Really Nice,Review detail not available
216,Lenovo Legion 5 AMD AMD Ryzen 7 Octa Core 5800H - (16 GB/512 GB SSD/Windows 11 Home/6 GB Graphics/NVID...,SGD 1576.0,88 ,18 ,Really Nice,Review detail not available
217,Lenovo Legion 5 AMD AMD Ryzen 7 Octa Core 5800H - (16 GB/512 GB SSD/Windows 11 Home/6 GB Graphics/NVID...,SGD 1576.0,88 ,18 ,Really Nice,Review detail not available
218,Lenovo Legion 5 AMD AMD Ryzen 7 Octa Core 5800H - (16 GB/512 GB SSD/Windows 11 Home/6 GB Graphics/NVID...,SGD 1576.0,88 ,18 ,Really Nice,Review detail not available
219,Lenovo Legion 5 AMD AMD Ryzen 7 Octa Core 5800H - (16 GB/512 GB SSD/Windows 11 Home/6 GB Graphics/NVID...,SGD 1576.0,88 ,18 ,Really Nice,"Very powerful gaming machine, but I highly recommend u to use cooling pads, as temperature rise above 100degrees .I was playing uncharted 4 in highest possible settings, I could easily get 60+ fps, but the CPU temp reached 100degrees.Another thing I noticed is the hinges are poor quality,i don't get the robust feel in it, it's been just 1 month and the hinges feel like I have opened and closed it for years and made it loose"
220,Lenovo Legion 5 AMD AMD Ryzen 7 Octa Core 5800H - (16 GB/512 GB SSD/Windows 11 Home/6 GB Graphics/NVID...,SGD 1576.0,88 ,18 ,Really Nice,its just a beast
221,Lenovo Legion 5 AMD AMD Ryzen 7 Octa Core 5800H - (16 GB/512 GB SSD/Windows 11 Home/6 GB Graphics/NVID...,SGD 1576.0,88 ,18 ,Really Nice,It's an amazing product. I loved it ... It has better capacity to handle multiple tasking.
222,Lenovo Legion 5 AMD AMD Ryzen 7 Octa Core 5800H - (16 GB/512 GB SSD/Windows 11 Home/6 GB Graphics/NVID...,SGD 1576.0,88 ,18 ,Really Nice,Value For Money 游때
223,Lenovo Legion 5 AMD AMD Ryzen 7 Octa Core 5800H - (16 GB/512 GB SSD/Windows 11 Home/6 GB Graphics/NVID...,SGD 1576.0,88 ,18 ,Really Nice,"After using 12days of this laptop. I'm facing screen shacking issue double pictures viewing issue, while playing videos picture are drifting. video viewing issue like pictures are shacking and half of the screen trend into black color."
224,Lenovo Legion 5 AMD AMD Ryzen 7 Octa Core 5800H - (16 GB/512 GB SSD/Windows 11 Home/6 GB Graphics/NVID...,SGD 1576.0,88 ,18 ,Really Nice,"Excellent product great performance and build quality. I wish they could have packed this device with a 1tb SSD. Otherwise, I am satisfied with this product"
225,Lenovo Legion 5 AMD AMD Ryzen 7 Octa Core 5800H - (16 GB/512 GB SSD/Windows 11 Home/6 GB Graphics/NVID...,SGD 1576.0,88 ,18 ,Really Nice,"Great product at this price. I have been an Intel user since long and this is my first AMD laptop. It seriously packs a good punch when it comes to gaming. RTX 3060 with a 165 hz screen and 16GB ram works like a charm. No major heating issues as the fans work well. Have been playing God of War, AC Valhalla on Ultra and it is smooth. Only con I noticed is the sound by Nahimic is pretty low and you have literally put it on full volume. Also storage is 512GB SSD which is a downgrade for laptops..."
226,Lenovo Legion 5 AMD AMD Ryzen 7 Octa Core 5800H - (16 GB/512 GB SSD/Windows 11 Home/6 GB Graphics/NVID...,SGD 1576.0,88 ,18 ,Really Nice,Great Laptop with top of the line specs got it for around 84k by exchanging old Dell laptop. If you got editing and graphic designing work and if you use blender and premiere pro just go for it! Really a great machine
227,Lenovo Legion 5 AMD AMD Ryzen 7 Octa Core 5800H - (16 GB/512 GB SSD/Windows 11 Home/6 GB Graphics/NVID...,SGD 1576.0,88 ,18 ,Really Nice,It is a lovely looking machine  ....but it is too early to say anything about it is performance and hardware.
228,Lenovo Legion 5 AMD AMD Ryzen 7 Octa Core 5800H - (16 GB/512 GB SSD/Windows 11 Home/6 GB Graphics/NVID...,SGD 1576.0,88 ,18 ,Really Nice,This is really good machine for any work but you have any heavy graphic design work or your first priority is for gaming then you should go for this laptop. You will never disappoint about your purchase...游녨
229,Lenovo Legion 5 AMD AMD Ryzen 7 Octa Core 5800H - (16 GB/512 GB SSD/Windows 11 Home/6 GB Graphics/NVID...,SGD 1576.0,88 ,18 ,Really Nice,Review detail not available
230,Lenovo Legion 5 AMD AMD Ryzen 7 Octa Core 5800H - (16 GB/512 GB SSD/Windows 11 Home/6 GB Graphics/NVID...,SGD 1576.0,88 ,18 ,Review not available,Review detail not available
231,Lenovo Legion 5 AMD AMD Ryzen 7 Octa Core 5800H - (16 GB/512 GB SSD/Windows 11 Home/6 GB Graphics/NVID...,SGD 1576.0,88 ,18 ,Review not available,Review detail not available
232,Lenovo Legion 5 AMD AMD Ryzen 7 Octa Core 5800H - (16 GB/512 GB SSD/Windows 11 Home/6 GB Graphics/NVID...,SGD 1576.0,88 ,18 ,Review not available,Review detail not available
233,Lenovo Legion 5 AMD AMD Ryzen 7 Octa Core 5800H - (16 GB/512 GB SSD/Windows 11 Home/6 GB Graphics/NVID...,SGD 1576.0,88 ,18 ,Review not available,Review detail not available
234,Lenovo Legion 5 AMD AMD Ryzen 7 Octa Core 5800H - (16 GB/512 GB SSD/Windows 11 Home/6 GB Graphics/NVID...,SGD 1576.0,88 ,18 ,Review not available,"Very powerful gaming machine, but I highly recommend u to use cooling pads, as temperature rise above 100degrees .I was playing uncharted 4 in highest possible settings, I could easily get 60+ fps, but the CPU temp reached 100degrees.Another thing I noticed is the hinges are poor quality,i don't get the robust feel in it, it's been just 1 month and the hinges feel like I have opened and closed it for years and made it loose"
235,Lenovo Legion 5 AMD AMD Ryzen 7 Octa Core 5800H - (16 GB/512 GB SSD/Windows 11 Home/6 GB Graphics/NVID...,SGD 1576.0,88 ,18 ,Review not available,its just a beast
236,Lenovo Legion 5 AMD AMD Ryzen 7 Octa Core 5800H - (16 GB/512 GB SSD/Windows 11 Home/6 GB Graphics/NVID...,SGD 1576.0,88 ,18 ,Review not available,It's an amazing product. I loved it ... It has better capacity to handle multiple tasking.
237,Lenovo Legion 5 AMD AMD Ryzen 7 Octa Core 5800H - (16 GB/512 GB SSD/Windows 11 Home/6 GB Graphics/NVID...,SGD 1576.0,88 ,18 ,Review not available,Value For Money 游때
238,Lenovo Legion 5 AMD AMD Ryzen 7 Octa Core 5800H - (16 GB/512 GB SSD/Windows 11 Home/6 GB Graphics/NVID...,SGD 1576.0,88 ,18 ,Review not available,"After using 12days of this laptop. I'm facing screen shacking issue double pictures viewing issue, while playing videos picture are drifting. video viewing issue like pictures are shacking and half of the screen trend into black color."
239,Lenovo Legion 5 AMD AMD Ryzen 7 Octa Core 5800H - (16 GB/512 GB SSD/Windows 11 Home/6 GB Graphics/NVID...,SGD 1576.0,88 ,18 ,Review not available,"Excellent product great performance and build quality. I wish they could have packed this device with a 1tb SSD. Otherwise, I am satisfied with this product"
240,Lenovo Legion 5 AMD AMD Ryzen 7 Octa Core 5800H - (16 GB/512 GB SSD/Windows 11 Home/6 GB Graphics/NVID...,SGD 1576.0,88 ,18 ,Review not available,"Great product at this price. I have been an Intel user since long and this is my first AMD laptop. It seriously packs a good punch when it comes to gaming. RTX 3060 with a 165 hz screen and 16GB ram works like a charm. No major heating issues as the fans work well. Have been playing God of War, AC Valhalla on Ultra and it is smooth. Only con I noticed is the sound by Nahimic is pretty low and you have literally put it on full volume. Also storage is 512GB SSD which is a downgrade for laptops..."
241,Lenovo Legion 5 AMD AMD Ryzen 7 Octa Core 5800H - (16 GB/512 GB SSD/Windows 11 Home/6 GB Graphics/NVID...,SGD 1576.0,88 ,18 ,Review not available,Great Laptop with top of the line specs got it for around 84k by exchanging old Dell laptop. If you got editing and graphic designing work and if you use blender and premiere pro just go for it! Really a great machine
242,Lenovo Legion 5 AMD AMD Ryzen 7 Octa Core 5800H - (16 GB/512 GB SSD/Windows 11 Home/6 GB Graphics/NVID...,SGD 1576.0,88 ,18 ,Review not available,It is a lovely looking machine  ....but it is too early to say anything about it is performance and hardware.
243,Lenovo Legion 5 AMD AMD Ryzen 7 Octa Core 5800H - (16 GB/512 GB SSD/Windows 11 Home/6 GB Graphics/NVID...,SGD 1576.0,88 ,18 ,Review not available,This is really good machine for any work but you have any heavy graphic design work or your first priority is for gaming then you should go for this laptop. You will never disappoint about your purchase...游녨
244,Lenovo Legion 5 AMD AMD Ryzen 7 Octa Core 5800H - (16 GB/512 GB SSD/Windows 11 Home/6 GB Graphics/NVID...,SGD 1576.0,88 ,18 ,Review not available,Review detail not available
245,Lenovo Legion 5 AMD Ryzen 7 Octa Core 5800H - (16 GB/1 TB SSD/Windows 11 Home/6 GB Graphics/NVIDIA GeF...,SGD 1599.84,8 ,5 ,Review not available,Review detail not available
246,Lenovo Legion 5 AMD Ryzen 5 Hexa Core 4600H - (8 GB/1 TB HDD/256 GB SSD/Windows 10 Home/4 GB Graphics/...,SGD 936.0,10 ,8 ,Sluggish and Unresponsive,"This laptop is frustratingly slow. It struggles with more than two applications open, making it nearly impossible to work efficiently."
247,Lenovo Legion 5 AMD Ryzen 5 Hexa Core 4600H - (8 GB/1 TB HDD/256 GB SSD/Windows 10 Home/4 GB Graphics/...,SGD 936.0,10 ,8 ,Poor Screen Quality,"This laptop is frustratingly slow. It struggles with more than two applications open, making it nearly impossible to work efficiently."
248,Lenovo Legion 5 AMD Ryzen 5 Hexa Core 4600H - (8 GB/1 TB HDD/256 GB SSD/Windows 10 Home/4 GB Graphics/...,SGD 936.0,10 ,8 ,Constant Overheating,"This laptop is frustratingly slow. It struggles with more than two applications open, making it nearly impossible to work efficiently."
249,Lenovo Legion 5 AMD Ryzen 5 Hexa Core 4600H - (8 GB/1 TB HDD/256 GB SSD/Windows 10 Home/4 GB Graphics/...,SGD 936.0,10 ,8 ,Cheap Build Quality,"This laptop is frustratingly slow. It struggles with more than two applications open, making it nearly impossible to work efficiently."
250,Lenovo Legion 5 AMD Ryzen 5 Hexa Core 4600H - (8 GB/1 TB HDD/256 GB SSD/Windows 10 Home/4 GB Graphics/...,SGD 936.0,10 ,8 ,Terrible Customer Service,"This laptop is frustratingly slow. It struggles with more than two applications open, making it nearly impossible to work efficiently."
251,Lenovo Legion 5 AMD Ryzen 5 Hexa Core 4600H - (8 GB/1 TB HDD/256 GB SSD/Windows 10 Home/4 GB Graphics/...,SGD 936.0,10 ,8 ,Battery Drains Quickly,"This laptop is frustratingly slow. It struggles with more than two applications open, making it nearly impossible to work efficiently."
252,Lenovo Legion 5 AMD Ryzen 5 Hexa Core 4600H - (8 GB/1 TB HDD/256 GB SSD/Windows 10 Home/4 GB Graphics/...,SGD 936.0,10 ,8 ,Decent for Basic Tasks,"This laptop is frustratingly slow. It struggles with more than two applications open, making it nearly impossible to work efficiently."
253,Lenovo Legion 5 AMD Ryzen 5 Hexa Core 4600H - (8 GB/1 TB HDD/256 GB SSD/Windows 10 Home/4 GB Graphics/...,SGD 936.0,10 ,8 ,Affordable Entry-Level Option,"This laptop is frustratingly slow. It struggles with more than two applications open, making it nearly impossible to work efficiently."
254,Lenovo Legion 5 Pro AMD Ryzen 7 Octa Core 5800H - (16 GB/1 TB SSD/Windows 11 Home/6 GB Graphics/NVIDIA...,SGD 1679.84,61 ,7 ,Review not available,Review detail not available
255,Lenovo Legion 5 Pro AMD Ryzen 7 Octa Core 5800H - (16 GB/1 TB SSD/Windows 11 Home/6 GB Graphics/NVIDIA...,SGD 1679.84,61 ,7 ,Review not available,Review detail not available
256,Lenovo Legion 5 Pro AMD Ryzen 7 Octa Core 5800H - (16 GB/1 TB SSD/Windows 11 Home/6 GB Graphics/NVIDIA...,SGD 1679.84,61 ,7 ,Review not available,Review detail not available
257,Lenovo Legion 5 Pro AMD Ryzen 7 Octa Core 5800H - (16 GB/1 TB SSD/Windows 11 Home/6 GB Graphics/NVIDIA...,SGD 1679.84,61 ,7 ,Review not available,1 star rating is for Flipkart's smart upgrade plan under which I bought the Lenovo laptop. I have no issues with the laptop however have issues with the plan. It's utterly a useless plan by Flipkart. Please scrap it and will request users to not subscribe to it.
258,Lenovo Legion 5 Pro AMD Ryzen 7 Octa Core 5800H - (16 GB/1 TB SSD/Windows 11 Home/6 GB Graphics/NVIDIA...,SGD 1679.84,61 ,7 ,Review not available,Absolute gem
259,Lenovo Legion 5 Pro AMD Ryzen 7 Octa Core 5800H - (16 GB/1 TB SSD/Windows 11 Home/6 GB Graphics/NVIDIA...,SGD 1679.84,61 ,7 ,Review not available,Nice beast
260,Lenovo Legion 5 Pro AMD Ryzen 7 Octa Core 5800H - (16 GB/1 TB SSD/Windows 11 Home/6 GB Graphics/NVIDIA...,SGD 1679.84,61 ,7 ,Review not available,"One word, Beast! But don't except much on battery!"
261,Lenovo Legion 5 Pro AMD Ryzen 7 Octa Core 5800H - (16 GB/1 TB SSD/Windows 11 Home/6 GB Graphics/NVIDIA...,SGD 1679.84,61 ,7 ,Review not available,The speaker 游댉 is not working
262,Lenovo Legion 5 Pro AMD Ryzen 7 Octa Core 5800H - (16 GB/1 TB SSD/Windows 11 Home/6 GB Graphics/NVIDIA...,SGD 1679.84,61 ,7 ,Review not available,Awesome Laptop
263,Lenovo Legion 5 Pro AMD Ryzen 7 Octa Core 5800H - (16 GB/1 TB SSD/Windows 11 Home/6 GB Graphics/NVIDIA...,SGD 1679.84,61 ,7 ,Review not available,Awesome product
264,Lenovo Legion 5 Pro AMD Ryzen 7 Octa Core 5800H - (16 GB/1 TB SSD/Windows 11 Home/6 GB Graphics/NVIDIA...,SGD 1679.84,61 ,7 ,Review not available,Review detail not available
265,Lenovo Legion 5 Pro AMD Ryzen 7 Octa Core 5800H - (16 GB/1 TB SSD/Windows 11 Home/6 GB Graphics/NVIDIA...,SGD 1679.84,61 ,7 ,Review not available,Review detail not available
266,Lenovo Legion 5 Pro AMD Ryzen 7 Octa Core 5800H - (16 GB/1 TB SSD/Windows 11 Home/6 GB Graphics/NVIDIA...,SGD 1679.84,61 ,7 ,Review not available,Review detail not available
267,Lenovo Legion 5 Pro AMD Ryzen 7 Octa Core 5800H - (16 GB/1 TB SSD/Windows 11 Home/6 GB Graphics/NVIDIA...,SGD 1679.84,61 ,7 ,Review not available,Review detail not available
268,Lenovo Legion 5 Pro AMD Ryzen 7 Octa Core 5800H - (16 GB/1 TB SSD/Windows 11 Home/6 GB Graphics/NVIDIA...,SGD 1679.84,61 ,7 ,Review not available,1 star rating is for Flipkart's smart upgrade plan under which I bought the Lenovo laptop. I have no issues with the laptop however have issues with the plan. It's utterly a useless plan by Flipkart. Please scrap it and will request users to not subscribe to it.
269,Lenovo Legion 5 Pro AMD Ryzen 7 Octa Core 5800H - (16 GB/1 TB SSD/Windows 11 Home/6 GB Graphics/NVIDIA...,SGD 1679.84,61 ,7 ,Review not available,Absolute gem
270,Lenovo Legion 5 Pro AMD Ryzen 7 Octa Core 5800H - (16 GB/1 TB SSD/Windows 11 Home/6 GB Graphics/NVIDIA...,SGD 1679.84,61 ,7 ,Review not available,Nice beast
271,Lenovo Legion 5 Pro AMD Ryzen 7 Octa Core 5800H - (16 GB/1 TB SSD/Windows 11 Home/6 GB Graphics/NVIDIA...,SGD 1679.84,61 ,7 ,Review not available,"One word, Beast! But don't except much on battery!"
272,Lenovo Legion 5 Pro AMD Ryzen 7 Octa Core 5800H - (16 GB/1 TB SSD/Windows 11 Home/6 GB Graphics/NVIDIA...,SGD 1679.84,61 ,7 ,Review not available,The speaker 游댉 is not working
273,Lenovo Legion 5 Pro AMD Ryzen 7 Octa Core 5800H - (16 GB/1 TB SSD/Windows 11 Home/6 GB Graphics/NVIDIA...,SGD 1679.84,61 ,7 ,Review not available,Awesome Laptop
274,Lenovo Legion 5 Pro AMD Ryzen 7 Octa Core 5800H - (16 GB/1 TB SSD/Windows 11 Home/6 GB Graphics/NVIDIA...,SGD 1679.84,61 ,7 ,Review not available,Awesome product
275,Lenovo Legion 5 Pro AMD Ryzen 7 Octa Core 5800H - (16 GB/1 TB SSD/Windows 11 Home/6 GB Graphics/NVIDIA...,SGD 1679.84,61 ,7 ,Review not available,Review detail not available
276,Lenovo Legion 5 Pro AMD Ryzen 7 Octa Core 5800H - (16 GB/1 TB SSD/Windows 11 Home/6 GB Graphics/NVIDIA...,SGD 1679.84,61 ,7 ,Review not available,Review detail not available
277,Lenovo Legion 5 Pro AMD Ryzen 7 Octa Core 5800H - (16 GB/1 TB SSD/Windows 11 Home/6 GB Graphics/NVIDIA...,SGD 1679.84,61 ,7 ,Review not available,Review detail not available
278,Lenovo Legion 5 Pro AMD Ryzen 7 Octa Core 5800H - (16 GB/1 TB SSD/Windows 11 Home/6 GB Graphics/NVIDIA...,SGD 1679.84,61 ,7 ,Review not available,Review detail not available
279,Lenovo Legion 5 Pro AMD Ryzen 7 Octa Core 5800H - (16 GB/1 TB SSD/Windows 11 Home/6 GB Graphics/NVIDIA...,SGD 1679.84,61 ,7 ,Review not available,1 star rating is for Flipkart's smart upgrade plan under which I bought the Lenovo laptop. I have no issues with the laptop however have issues with the plan. It's utterly a useless plan by Flipkart. Please scrap it and will request users to not subscribe to it.
280,Lenovo Legion 5 Pro AMD Ryzen 7 Octa Core 5800H - (16 GB/1 TB SSD/Windows 11 Home/6 GB Graphics/NVIDIA...,SGD 1679.84,61 ,7 ,Review not available,Absolute gem
281,Lenovo Legion 5 Pro AMD Ryzen 7 Octa Core 5800H - (16 GB/1 TB SSD/Windows 11 Home/6 GB Graphics/NVIDIA...,SGD 1679.84,61 ,7 ,Review not available,Nice beast
282,Lenovo Legion 5 Pro AMD Ryzen 7 Octa Core 5800H - (16 GB/1 TB SSD/Windows 11 Home/6 GB Graphics/NVIDIA...,SGD 1679.84,61 ,7 ,Review not available,"One word, Beast! But don't except much on battery!"
283,Lenovo Legion 5 Pro AMD Ryzen 7 Octa Core 5800H - (16 GB/1 TB SSD/Windows 11 Home/6 GB Graphics/NVIDIA...,SGD 1679.84,61 ,7 ,Review not available,The speaker 游댉 is not working
284,Lenovo Legion 5 Pro AMD Ryzen 7 Octa Core 5800H - (16 GB/1 TB SSD/Windows 11 Home/6 GB Graphics/NVIDIA...,SGD 1679.84,61 ,7 ,Review not available,Awesome Laptop
285,Lenovo Legion 5 Pro AMD Ryzen 7 Octa Core 5800H - (16 GB/1 TB SSD/Windows 11 Home/6 GB Graphics/NVIDIA...,SGD 1679.84,61 ,7 ,Review not available,Awesome product
286,Lenovo Legion 5 Pro AMD Ryzen 7 Octa Core 5800H - (16 GB/1 TB SSD/Windows 11 Home/6 GB Graphics/NVIDIA...,SGD 1679.84,61 ,7 ,Review not available,Review detail not available
287,Lenovo Legion 5 Pro AMD Ryzen 7 Octa Core 5800H - (16 GB/1 TB SSD/Windows 11 Home/6 GB Graphics/NVIDIA...,SGD 1679.84,61 ,7 ,Absolute rubbish!,Review detail not available
288,Lenovo Legion 5 Pro AMD Ryzen 7 Octa Core 5800H - (16 GB/1 TB SSD/Windows 11 Home/6 GB Graphics/NVIDIA...,SGD 1679.84,61 ,7 ,Absolute rubbish!,Review detail not available
289,Lenovo Legion 5 Pro AMD Ryzen 7 Octa Core 5800H - (16 GB/1 TB SSD/Windows 11 Home/6 GB Graphics/NVIDIA...,SGD 1679.84,61 ,7 ,Absolute rubbish!,Review detail not available
290,Lenovo Legion 5 Pro AMD Ryzen 7 Octa Core 5800H - (16 GB/1 TB SSD/Windows 11 Home/6 GB Graphics/NVIDIA...,SGD 1679.84,61 ,7 ,Absolute rubbish!,1 star rating is for Flipkart's smart upgrade plan under which I bought the Lenovo laptop. I have no issues with the laptop however have issues with the plan. It's utterly a useless plan by Flipkart. Please scrap it and will request users to not subscribe to it.
291,Lenovo Legion 5 Pro AMD Ryzen 7 Octa Core 5800H - (16 GB/1 TB SSD/Windows 11 Home/6 GB Graphics/NVIDIA...,SGD 1679.84,61 ,7 ,Absolute rubbish!,Absolute gem
292,Lenovo Legion 5 Pro AMD Ryzen 7 Octa Core 5800H - (16 GB/1 TB SSD/Windows 11 Home/6 GB Graphics/NVIDIA...,SGD 1679.84,61 ,7 ,Absolute rubbish!,Nice beast
293,Lenovo Legion 5 Pro AMD Ryzen 7 Octa Core 5800H - (16 GB/1 TB SSD/Windows 11 Home/6 GB Graphics/NVIDIA...,SGD 1679.84,61 ,7 ,Absolute rubbish!,"One word, Beast! But don't except much on battery!"
294,Lenovo Legion 5 Pro AMD Ryzen 7 Octa Core 5800H - (16 GB/1 TB SSD/Windows 11 Home/6 GB Graphics/NVIDIA...,SGD 1679.84,61 ,7 ,Absolute rubbish!,The speaker 游댉 is not working
295,Lenovo Legion 5 Pro AMD Ryzen 7 Octa Core 5800H - (16 GB/1 TB SSD/Windows 11 Home/6 GB Graphics/NVIDIA...,SGD 1679.84,61 ,7 ,Absolute rubbish!,Awesome Laptop
296,Lenovo Legion 5 Pro AMD Ryzen 7 Octa Core 5800H - (16 GB/1 TB SSD/Windows 11 Home/6 GB Graphics/NVIDIA...,SGD 1679.84,61 ,7 ,Absolute rubbish!,Awesome product
297,Lenovo Legion 5 Pro AMD Ryzen 7 Octa Core 5800H - (16 GB/1 TB SSD/Windows 11 Home/6 GB Graphics/NVIDIA...,SGD 1679.84,61 ,7 ,Absolute rubbish!,Review detail not available
298,Lenovo Legion 5 Pro AMD Ryzen 7 Octa Core 5800H - (16 GB/1 TB SSD/Windows 11 Home/6 GB Graphics/NVIDIA...,SGD 1679.84,61 ,7 ,Mind-blowing purchase,Review detail not available
299,Lenovo Legion 5 Pro AMD Ryzen 7 Octa Core 5800H - (16 GB/1 TB SSD/Windows 11 Home/6 GB Graphics/NVIDIA...,SGD 1679.84,61 ,7 ,Mind-blowing purchase,Review detail not available
300,Lenovo Legion 5 Pro AMD Ryzen 7 Octa Core 5800H - (16 GB/1 TB SSD/Windows 11 Home/6 GB Graphics/NVIDIA...,SGD 1679.84,61 ,7 ,Mind-blowing purchase,Review detail not available
301,Lenovo Legion 5 Pro AMD Ryzen 7 Octa Core 5800H - (16 GB/1 TB SSD/Windows 11 Home/6 GB Graphics/NVIDIA...,SGD 1679.84,61 ,7 ,Mind-blowing purchase,1 star rating is for Flipkart's smart upgrade plan under which I bought the Lenovo laptop. I have no issues with the laptop however have issues with the plan. It's utterly a useless plan by Flipkart. Please scrap it and will request users to not subscribe to it.
302,Lenovo Legion 5 Pro AMD Ryzen 7 Octa Core 5800H - (16 GB/1 TB SSD/Windows 11 Home/6 GB Graphics/NVIDIA...,SGD 1679.84,61 ,7 ,Mind-blowing purchase,Absolute gem
303,Lenovo Legion 5 Pro AMD Ryzen 7 Octa Core 5800H - (16 GB/1 TB SSD/Windows 11 Home/6 GB Graphics/NVIDIA...,SGD 1679.84,61 ,7 ,Mind-blowing purchase,Nice beast
304,Lenovo Legion 5 Pro AMD Ryzen 7 Octa Core 5800H - (16 GB/1 TB SSD/Windows 11 Home/6 GB Graphics/NVIDIA...,SGD 1679.84,61 ,7 ,Mind-blowing purchase,"One word, Beast! But don't except much on battery!"
305,Lenovo Legion 5 Pro AMD Ryzen 7 Octa Core 5800H - (16 GB/1 TB SSD/Windows 11 Home/6 GB Graphics/NVIDIA...,SGD 1679.84,61 ,7 ,Mind-blowing purchase,The speaker 游댉 is not working
306,Lenovo Legion 5 Pro AMD Ryzen 7 Octa Core 5800H - (16 GB/1 TB SSD/Windows 11 Home/6 GB Graphics/NVIDIA...,SGD 1679.84,61 ,7 ,Mind-blowing purchase,Awesome Laptop
307,Lenovo Legion 5 Pro AMD Ryzen 7 Octa Core 5800H - (16 GB/1 TB SSD/Windows 11 Home/6 GB Graphics/NVIDIA...,SGD 1679.84,61 ,7 ,Mind-blowing purchase,Awesome product
308,Lenovo Legion 5 Pro AMD Ryzen 7 Octa Core 5800H - (16 GB/1 TB SSD/Windows 11 Home/6 GB Graphics/NVIDIA...,SGD 1679.84,61 ,7 ,Mind-blowing purchase,Review detail not available
309,Lenovo Legion 5 Pro AMD Ryzen 7 Octa Core 5800H - (16 GB/1 TB SSD/Windows 11 Home/6 GB Graphics/NVIDIA...,SGD 1679.84,61 ,7 ,Wonderful,Review detail not available
310,Lenovo Legion 5 Pro AMD Ryzen 7 Octa Core 5800H - (16 GB/1 TB SSD/Windows 11 Home/6 GB Graphics/NVIDIA...,SGD 1679.84,61 ,7 ,Wonderful,Review detail not available
311,Lenovo Legion 5 Pro AMD Ryzen 7 Octa Core 5800H - (16 GB/1 TB SSD/Windows 11 Home/6 GB Graphics/NVIDIA...,SGD 1679.84,61 ,7 ,Wonderful,Review detail not available
312,Lenovo Legion 5 Pro AMD Ryzen 7 Octa Core 5800H - (16 GB/1 TB SSD/Windows 11 Home/6 GB Graphics/NVIDIA...,SGD 1679.84,61 ,7 ,Wonderful,1 star rating is for Flipkart's smart upgrade plan under which I bought the Lenovo laptop. I have no issues with the laptop however have issues with the plan. It's utterly a useless plan by Flipkart. Please scrap it and will request users to not subscribe to it.
313,Lenovo Legion 5 Pro AMD Ryzen 7 Octa Core 5800H - (16 GB/1 TB SSD/Windows 11 Home/6 GB Graphics/NVIDIA...,SGD 1679.84,61 ,7 ,Wonderful,Absolute gem
314,Lenovo Legion 5 Pro AMD Ryzen 7 Octa Core 5800H - (16 GB/1 TB SSD/Windows 11 Home/6 GB Graphics/NVIDIA...,SGD 1679.84,61 ,7 ,Wonderful,Nice beast
315,Lenovo Legion 5 Pro AMD Ryzen 7 Octa Core 5800H - (16 GB/1 TB SSD/Windows 11 Home/6 GB Graphics/NVIDIA...,SGD 1679.84,61 ,7 ,Wonderful,"One word, Beast! But don't except much on battery!"
316,Lenovo Legion 5 Pro AMD Ryzen 7 Octa Core 5800H - (16 GB/1 TB SSD/Windows 11 Home/6 GB Graphics/NVIDIA...,SGD 1679.84,61 ,7 ,Wonderful,The speaker 游댉 is not working
317,Lenovo Legion 5 Pro AMD Ryzen 7 Octa Core 5800H - (16 GB/1 TB SSD/Windows 11 Home/6 GB Graphics/NVIDIA...,SGD 1679.84,61 ,7 ,Wonderful,Awesome Laptop
318,Lenovo Legion 5 Pro AMD Ryzen 7 Octa Core 5800H - (16 GB/1 TB SSD/Windows 11 Home/6 GB Graphics/NVIDIA...,SGD 1679.84,61 ,7 ,Wonderful,Awesome product
319,Lenovo Legion 5 Pro AMD Ryzen 7 Octa Core 5800H - (16 GB/1 TB SSD/Windows 11 Home/6 GB Graphics/NVIDIA...,SGD 1679.84,61 ,7 ,Wonderful,Review detail not available
320,Lenovo Legion 5 Pro AMD Ryzen 7 Octa Core 5800H - (16 GB/1 TB SSD/Windows 11 Home/6 GB Graphics/NVIDIA...,SGD 1679.84,61 ,7 ,Awesome,Review detail not available
321,Lenovo Legion 5 Pro AMD Ryzen 7 Octa Core 5800H - (16 GB/1 TB SSD/Windows 11 Home/6 GB Graphics/NVIDIA...,SGD 1679.84,61 ,7 ,Awesome,Review detail not available
322,Lenovo Legion 5 Pro AMD Ryzen 7 Octa Core 5800H - (16 GB/1 TB SSD/Windows 11 Home/6 GB Graphics/NVIDIA...,SGD 1679.84,61 ,7 ,Awesome,Review detail not available
323,Lenovo Legion 5 Pro AMD Ryzen 7 Octa Core 5800H - (16 GB/1 TB SSD/Windows 11 Home/6 GB Graphics/NVIDIA...,SGD 1679.84,61 ,7 ,Awesome,1 star rating is for Flipkart's smart upgrade plan under which I bought the Lenovo laptop. I have no issues with the laptop however have issues with the plan. It's utterly a useless plan by Flipkart. Please scrap it and will request users to not subscribe to it.
324,Lenovo Legion 5 Pro AMD Ryzen 7 Octa Core 5800H - (16 GB/1 TB SSD/Windows 11 Home/6 GB Graphics/NVIDIA...,SGD 1679.84,61 ,7 ,Awesome,Absolute gem
325,Lenovo Legion 5 Pro AMD Ryzen 7 Octa Core 5800H - (16 GB/1 TB SSD/Windows 11 Home/6 GB Graphics/NVIDIA...,SGD 1679.84,61 ,7 ,Awesome,Nice beast
326,Lenovo Legion 5 Pro AMD Ryzen 7 Octa Core 5800H - (16 GB/1 TB SSD/Windows 11 Home/6 GB Graphics/NVIDIA...,SGD 1679.84,61 ,7 ,Awesome,"One word, Beast! But don't except much on battery!"
327,Lenovo Legion 5 Pro AMD Ryzen 7 Octa Core 5800H - (16 GB/1 TB SSD/Windows 11 Home/6 GB Graphics/NVIDIA...,SGD 1679.84,61 ,7 ,Awesome,The speaker 游댉 is not working
328,Lenovo Legion 5 Pro AMD Ryzen 7 Octa Core 5800H - (16 GB/1 TB SSD/Windows 11 Home/6 GB Graphics/NVIDIA...,SGD 1679.84,61 ,7 ,Awesome,Awesome Laptop
329,Lenovo Legion 5 Pro AMD Ryzen 7 Octa Core 5800H - (16 GB/1 TB SSD/Windows 11 Home/6 GB Graphics/NVIDIA...,SGD 1679.84,61 ,7 ,Awesome,Awesome product
330,Lenovo Legion 5 Pro AMD Ryzen 7 Octa Core 5800H - (16 GB/1 TB SSD/Windows 11 Home/6 GB Graphics/NVIDIA...,SGD 1679.84,61 ,7 ,Awesome,Review detail not available
331,Lenovo Legion 5 Pro AMD Ryzen 7 Octa Core 5800H - (16 GB/1 TB SSD/Windows 11 Home/6 GB Graphics/NVIDIA...,SGD 1679.84,61 ,7 ,Did not meet expectations,Review detail not available
332,Lenovo Legion 5 Pro AMD Ryzen 7 Octa Core 5800H - (16 GB/1 TB SSD/Windows 11 Home/6 GB Graphics/NVIDIA...,SGD 1679.84,61 ,7 ,Did not meet expectations,Review detail not available
333,Lenovo Legion 5 Pro AMD Ryzen 7 Octa Core 5800H - (16 GB/1 TB SSD/Windows 11 Home/6 GB Graphics/NVIDIA...,SGD 1679.84,61 ,7 ,Did not meet expectations,Review detail not available
334,Lenovo Legion 5 Pro AMD Ryzen 7 Octa Core 5800H - (16 GB/1 TB SSD/Windows 11 Home/6 GB Graphics/NVIDIA...,SGD 1679.84,61 ,7 ,Did not meet expectations,1 star rating is for Flipkart's smart upgrade plan under which I bought the Lenovo laptop. I have no issues with the laptop however have issues with the plan. It's utterly a useless plan by Flipkart. Please scrap it and will request users to not subscribe to it.
335,Lenovo Legion 5 Pro AMD Ryzen 7 Octa Core 5800H - (16 GB/1 TB SSD/Windows 11 Home/6 GB Graphics/NVIDIA...,SGD 1679.84,61 ,7 ,Did not meet expectations,Absolute gem
336,Lenovo Legion 5 Pro AMD Ryzen 7 Octa Core 5800H - (16 GB/1 TB SSD/Windows 11 Home/6 GB Graphics/NVIDIA...,SGD 1679.84,61 ,7 ,Did not meet expectations,Nice beast
337,Lenovo Legion 5 Pro AMD Ryzen 7 Octa Core 5800H - (16 GB/1 TB SSD/Windows 11 Home/6 GB Graphics/NVIDIA...,SGD 1679.84,61 ,7 ,Did not meet expectations,"One word, Beast! But don't except much on battery!"
338,Lenovo Legion 5 Pro AMD Ryzen 7 Octa Core 5800H - (16 GB/1 TB SSD/Windows 11 Home/6 GB Graphics/NVIDIA...,SGD 1679.84,61 ,7 ,Did not meet expectations,The speaker 游댉 is not working
339,Lenovo Legion 5 Pro AMD Ryzen 7 Octa Core 5800H - (16 GB/1 TB SSD/Windows 11 Home/6 GB Graphics/NVIDIA...,SGD 1679.84,61 ,7 ,Did not meet expectations,Awesome Laptop
340,Lenovo Legion 5 Pro AMD Ryzen 7 Octa Core 5800H - (16 GB/1 TB SSD/Windows 11 Home/6 GB Graphics/NVIDIA...,SGD 1679.84,61 ,7 ,Did not meet expectations,Awesome product
341,Lenovo Legion 5 Pro AMD Ryzen 7 Octa Core 5800H - (16 GB/1 TB SSD/Windows 11 Home/6 GB Graphics/NVIDIA...,SGD 1679.84,61 ,7 ,Did not meet expectations,Review detail not available
342,Lenovo Legion 5 Pro AMD Ryzen 7 Octa Core 5800H - (16 GB/1 TB SSD/Windows 11 Home/6 GB Graphics/NVIDIA...,SGD 1679.84,61 ,7 ,Delightful,Review detail not available
343,Lenovo Legion 5 Pro AMD Ryzen 7 Octa Core 5800H - (16 GB/1 TB SSD/Windows 11 Home/6 GB Graphics/NVIDIA...,SGD 1679.84,61 ,7 ,Delightful,Review detail not available
344,Lenovo Legion 5 Pro AMD Ryzen 7 Octa Core 5800H - (16 GB/1 TB SSD/Windows 11 Home/6 GB Graphics/NVIDIA...,SGD 1679.84,61 ,7 ,Delightful,Review detail not available
345,Lenovo Legion 5 Pro AMD Ryzen 7 Octa Core 5800H - (16 GB/1 TB SSD/Windows 11 Home/6 GB Graphics/NVIDIA...,SGD 1679.84,61 ,7 ,Delightful,1 star rating is for Flipkart's smart upgrade plan under which I bought the Lenovo laptop. I have no issues with the laptop however have issues with the plan. It's utterly a useless plan by Flipkart. Please scrap it and will request users to not subscribe to it.
346,Lenovo Legion 5 Pro AMD Ryzen 7 Octa Core 5800H - (16 GB/1 TB SSD/Windows 11 Home/6 GB Graphics/NVIDIA...,SGD 1679.84,61 ,7 ,Delightful,Absolute gem
347,Lenovo Legion 5 Pro AMD Ryzen 7 Octa Core 5800H - (16 GB/1 TB SSD/Windows 11 Home/6 GB Graphics/NVIDIA...,SGD 1679.84,61 ,7 ,Delightful,Nice beast
348,Lenovo Legion 5 Pro AMD Ryzen 7 Octa Core 5800H - (16 GB/1 TB SSD/Windows 11 Home/6 GB Graphics/NVIDIA...,SGD 1679.84,61 ,7 ,Delightful,"One word, Beast! But don't except much on battery!"
349,Lenovo Legion 5 Pro AMD Ryzen 7 Octa Core 5800H - (16 GB/1 TB SSD/Windows 11 Home/6 GB Graphics/NVIDIA...,SGD 1679.84,61 ,7 ,Delightful,The speaker 游댉 is not working
350,Lenovo Legion 5 Pro AMD Ryzen 7 Octa Core 5800H - (16 GB/1 TB SSD/Windows 11 Home/6 GB Graphics/NVIDIA...,SGD 1679.84,61 ,7 ,Delightful,Awesome Laptop
351,Lenovo Legion 5 Pro AMD Ryzen 7 Octa Core 5800H - (16 GB/1 TB SSD/Windows 11 Home/6 GB Graphics/NVIDIA...,SGD 1679.84,61 ,7 ,Delightful,Awesome product
352,Lenovo Legion 5 Pro AMD Ryzen 7 Octa Core 5800H - (16 GB/1 TB SSD/Windows 11 Home/6 GB Graphics/NVIDIA...,SGD 1679.84,61 ,7 ,Delightful,Review detail not available
353,Lenovo Legion 5 Pro AMD Ryzen 7 Octa Core 5800H - (16 GB/1 TB SSD/Windows 11 Home/6 GB Graphics/NVIDIA...,SGD 1679.84,61 ,7 ,Worth the money,Review detail not available
354,Lenovo Legion 5 Pro AMD Ryzen 7 Octa Core 5800H - (16 GB/1 TB SSD/Windows 11 Home/6 GB Graphics/NVIDIA...,SGD 1679.84,61 ,7 ,Worth the money,Review detail not available
355,Lenovo Legion 5 Pro AMD Ryzen 7 Octa Core 5800H - (16 GB/1 TB SSD/Windows 11 Home/6 GB Graphics/NVIDIA...,SGD 1679.84,61 ,7 ,Worth the money,Review detail not available
356,Lenovo Legion 5 Pro AMD Ryzen 7 Octa Core 5800H - (16 GB/1 TB SSD/Windows 11 Home/6 GB Graphics/NVIDIA...,SGD 1679.84,61 ,7 ,Worth the money,1 star rating is for Flipkart's smart upgrade plan under which I bought the Lenovo laptop. I have no issues with the laptop however have issues with the plan. It's utterly a useless plan by Flipkart. Please scrap it and will request users to not subscribe to it.
357,Lenovo Legion 5 Pro AMD Ryzen 7 Octa Core 5800H - (16 GB/1 TB SSD/Windows 11 Home/6 GB Graphics/NVIDIA...,SGD 1679.84,61 ,7 ,Worth the money,Absolute gem
358,Lenovo Legion 5 Pro AMD Ryzen 7 Octa Core 5800H - (16 GB/1 TB SSD/Windows 11 Home/6 GB Graphics/NVIDIA...,SGD 1679.84,61 ,7 ,Worth the money,Nice beast
359,Lenovo Legion 5 Pro AMD Ryzen 7 Octa Core 5800H - (16 GB/1 TB SSD/Windows 11 Home/6 GB Graphics/NVIDIA...,SGD 1679.84,61 ,7 ,Worth the money,"One word, Beast! But don't except much on battery!"
360,Lenovo Legion 5 Pro AMD Ryzen 7 Octa Core 5800H - (16 GB/1 TB SSD/Windows 11 Home/6 GB Graphics/NVIDIA...,SGD 1679.84,61 ,7 ,Worth the money,The speaker 游댉 is not working
361,Lenovo Legion 5 Pro AMD Ryzen 7 Octa Core 5800H - (16 GB/1 TB SSD/Windows 11 Home/6 GB Graphics/NVIDIA...,SGD 1679.84,61 ,7 ,Worth the money,Awesome Laptop
362,Lenovo Legion 5 Pro AMD Ryzen 7 Octa Core 5800H - (16 GB/1 TB SSD/Windows 11 Home/6 GB Graphics/NVIDIA...,SGD 1679.84,61 ,7 ,Worth the money,Awesome product
363,Lenovo Legion 5 Pro AMD Ryzen 7 Octa Core 5800H - (16 GB/1 TB SSD/Windows 11 Home/6 GB Graphics/NVIDIA...,SGD 1679.84,61 ,7 ,Worth the money,Review detail not available
364,Lenovo Legion 5 Pro AMD Ryzen 7 Octa Core 5800H - (16 GB/1 TB SSD/Windows 11 Home/6 GB Graphics/NVIDIA...,SGD 1679.84,61 ,7 ,Review not available,Review detail not available
365,Lenovo Legion 5 Pro AMD Ryzen 7 Octa Core 5800H - (16 GB/1 TB SSD/Windows 11 Home/6 GB Graphics/NVIDIA...,SGD 1679.84,61 ,7 ,Review not available,Review detail not available
366,Lenovo Legion 5 Pro AMD Ryzen 7 Octa Core 5800H - (16 GB/1 TB SSD/Windows 11 Home/6 GB Graphics/NVIDIA...,SGD 1679.84,61 ,7 ,Review not available,Review detail not available
367,Lenovo Legion 5 Pro AMD Ryzen 7 Octa Core 5800H - (16 GB/1 TB SSD/Windows 11 Home/6 GB Graphics/NVIDIA...,SGD 1679.84,61 ,7 ,Review not available,1 star rating is for Flipkart's smart upgrade plan under which I bought the Lenovo laptop. I have no issues with the laptop however have issues with the plan. It's utterly a useless plan by Flipkart. Please scrap it and will request users to not subscribe to it.
368,Lenovo Legion 5 Pro AMD Ryzen 7 Octa Core 5800H - (16 GB/1 TB SSD/Windows 11 Home/6 GB Graphics/NVIDIA...,SGD 1679.84,61 ,7 ,Review not available,Absolute gem
369,Lenovo Legion 5 Pro AMD Ryzen 7 Octa Core 5800H - (16 GB/1 TB SSD/Windows 11 Home/6 GB Graphics/NVIDIA...,SGD 1679.84,61 ,7 ,Review not available,Nice beast
370,Lenovo Legion 5 Pro AMD Ryzen 7 Octa Core 5800H - (16 GB/1 TB SSD/Windows 11 Home/6 GB Graphics/NVIDIA...,SGD 1679.84,61 ,7 ,Review not available,"One word, Beast! But don't except much on battery!"
371,Lenovo Legion 5 Pro AMD Ryzen 7 Octa Core 5800H - (16 GB/1 TB SSD/Windows 11 Home/6 GB Graphics/NVIDIA...,SGD 1679.84,61 ,7 ,Review not available,The speaker 游댉 is not working
372,Lenovo Legion 5 Pro AMD Ryzen 7 Octa Core 5800H - (16 GB/1 TB SSD/Windows 11 Home/6 GB Graphics/NVIDIA...,SGD 1679.84,61 ,7 ,Review not available,Awesome Laptop
373,Lenovo Legion 5 Pro AMD Ryzen 7 Octa Core 5800H - (16 GB/1 TB SSD/Windows 11 Home/6 GB Graphics/NVIDIA...,SGD 1679.84,61 ,7 ,Review not available,Awesome product
374,Lenovo Legion 5 Pro AMD Ryzen 7 Octa Core 5800H - (16 GB/1 TB SSD/Windows 11 Home/6 GB Graphics/NVIDIA...,SGD 1679.84,61 ,7 ,Review not available,Review detail not available
375,Lenovo Legion 5 Pro AMD Ryzen 7 Octa Core 6800H - (16 GB/1 TB SSD/Windows 11 Home/6 GB Graphics/NVIDIA...,SGD 1759.84,29 ,3 ,Review not available,Review detail not available
376,Lenovo Legion 5 Pro AMD Ryzen 7 Octa Core 6800H - (16 GB/1 TB SSD/Windows 11 Home/6 GB Graphics/NVIDIA...,SGD 1759.84,29 ,3 ,Review not available,Osm product... Beast performance
377,Lenovo Legion 5 Pro AMD Ryzen 7 Octa Core 6800H - (16 GB/1 TB SSD/Windows 11 Home/6 GB Graphics/NVIDIA...,SGD 1759.84,29 ,3 ,Highly recommended,Review detail not available
378,Lenovo Legion 5 Pro AMD Ryzen 7 Octa Core 6800H - (16 GB/1 TB SSD/Windows 11 Home/6 GB Graphics/NVIDIA...,SGD 1759.84,29 ,3 ,Highly recommended,Osm product... Beast performance
379,Lenovo Legion 7i Intel Core i7 10th Gen 10875H - (16 GB/1 TB SSD/Windows 10 Home/8 GB Graphics/NVIDIA ...,SGD 3091.06,4 ,0 ,Review not available,Review detail not available
